Open,High,Low,Close,Volume,Dividends,Stock Splits
129.97535392263828,130.0629610638514,123.39481436257799,125.9744644165039,143301900,0.0,0.0
125.46829078537516,128.24263632210662,125.02049610454635,127.5320053100586,97664900,0.0,0.0
124.3293440895093,127.5709424258299,123.02491398664694,123.23907470703125,155088000,0.0,0.0
124.95233107817177,128.13552408640413,124.46560495444153,127.44436645507812,109578200,0.0,0.0
128.9143049184012,129.10900729754997,126.77271243111933,128.54440307617188,105158200,0.0,0.0
125.76029392736588,126.71427293823224,125.08860952298478,125.55586242675781,100384500,0.0,0.0
125.08861473418492,126.24702529391881,123.4921536305582,125.38065338134766,91951100,0.0,0.0
125.34174066662901,127.9603303123861,125.07891918186495,127.41519927978516,88636800,0.0,0.0
127.32757155716695,127.52225905827079,125.34172042627678,125.48774719238281,90221800,0.0,0.0
125.36118590805361,126.76295959555424,123.6284420036996,123.76472473144531,111598500,0.0,0.0
124.38772578454656,125.29304408982054,123.57002946950722,124.4364013671875,90757300,0.0,0.0
125.24438780808299,128.97271223666024,125.13730745125214,128.52491760253906,104319500,0.0,0.0
130.2478839087022,135.96204254195973,130.04345244783565,133.2363739013672,120150900,0.0,0.0
132.66205104466366,136.13728217261755,131.43550674558008,135.37799072265625,114459400,0.0,0.0
139.27182020640586,141.23818305206848,132.91516336360118,139.12579345703125,157611700,0.0,0.0
139.78775742744395,140.4691710725819,137.61694808504978,139.35943603515625,98390600,0.0,0.0
139.6222910011425,140.4692048133965,136.68247501830064,138.28866577148438,140843800,0.0,0.0
135.81607367562873,138.22050212672593,133.07093096645877,133.45057678222656,142621100,0.0,0.0
132.22402749273948,133.10987264929705,126.753230328146,128.45677185058594,177523800,0.0,0.0
130.19924214528973,131.7859741111612,127.45409959233686,130.57888793945312,106239800,0.0,0.0
132.12667146199954,132.69127555683025,131.0364096809211,131.4063262939453,83305400,0.0,0.0
132.15589194554707,132.165635975879,130.0629752354402,130.38421630859375,89880900,0.0,0.0
132.6815098602957,133.75229814234294,131.01690041358142,133.74256896972656,84183100,0.0,0.0
133.90345338134028,133.97168912108438,132.4508369108214,133.3282470703125,75693800,0.205,0.0
132.61664040415283,133.5233119393928,131.53449269326285,133.4745635986328,71297200,0.0,0.0
133.1917548672735,134.4201468877061,132.44108738356064,132.59706115722656,76774200,0.0,0.0
133.05529021983176,133.5525022619222,131.0274820724659,131.99264526367188,73046600,0.0,0.0
132.4898645085888,132.9675743269367,130.41332257065082,131.73919677734375,64280000,0.0,0.0
130.9787653308469,132.12914848493614,130.33532312132203,131.97315979003906,60145100,0.0,0.0
132.09015902011436,132.59709996571863,129.45789813500429,129.84786987304688,80576300,0.0,0.0
127.95652384973054,128.9021846827299,126.22119084968794,127.55680847167969,97918500,0.0,0.0
125.95797287967874,126.7379014019475,124.21289601346298,126.45518493652344,96856700,0.0,0.0
126.9718859638425,127.43009341839543,125.56801758188449,126.61116027832031,87668800,0.0,0.0
124.79784515359262,126.46494274164387,122.44832304893025,122.83828735351562,103916400,0.0,0.0
120.65448673963841,123.53045927947294,115.41923371769597,122.70178985595703,158273000,0.0,0.0
121.80486663626253,122.40930413496974,119.16286991288813,122.20457458496094,111039900,0.0,0.0
121.55140392768223,123.28673718148006,117.51528958023444,117.95399475097656,148199500,0.0,0.0
119.51382934353043,121.71712094720249,118.15870939243611,118.21720886230469,164560400,0.0,0.0
120.64473383419431,124.71984514122286,119.70882406427694,124.58335876464844,116307900,0.0,0.0
125.18780674062197,125.49002551913253,121.87312157746639,121.98036193847656,102260900,0.0,0.0
121.67814867049456,122.55556651851715,118.78267349099536,118.99715423583984,112966300,0.0,0.0
118.69492201638303,120.49849839926789,115.64346591859298,117.11557006835938,178155000,0.0,0.0
117.94426066844194,118.88017056362067,114.61982398763308,118.37321472167969,153766600,0.0,0.0
117.89547084678318,117.96371402018603,113.2939099031968,113.44014739990234,154376600,0.0,0.0
116.04316214765258,118.99712873808402,115.80918658429786,118.05146789550781,129525800,0.0,0.0
118.63642743151894,119.10437859558475,116.45263053937967,116.9693374633789,111943300,0.0,0.0
119.46509072342045,120.1182765520443,118.21721109919896,118.89964294433594,103026500,0.0,0.0
117.3788074668468,118.1294826044811,116.1699248367297,117.99299621582031,88105100,0.0,0.0
118.36346113570012,120.88846666765528,117.39829786101335,120.87871551513672,92403800,0.0,0.0
122.54580261068884,124.02766536377307,121.59039794957519,122.4190673828125,115227900,0.0,0.0
120.93719630957409,122.70177530738493,119.27009907008946,121.62937927246094,111932600,0.0,0.0
119.79655333524822,120.08902837100626,117.30079413178964,117.50552368164062,121229700,0.0,0.0
116.89134214689703,118.38294855656439,116.67686143267959,116.97908020019531,185549500,0.0,0.0
117.31054946298083,120.76172079332808,117.24230627726561,120.29376220703125,111912300,0.0,0.0
120.23528824072892,121.12244978834059,119.07514647128622,119.4651107788086,95467100,0.0,0.0
119.73808337691133,119.8160777258849,117.05708899403655,117.07658386230469,88530500,0.0,0.0
116.54037047817636,118.60717576184044,116.01391986522562,117.56401824951172,98844700,0.0,0.0
117.33002897963378,118.4316783965719,115.9359119927255,118.16844940185547,94071200,0.0,0.0
118.59741859593674,119.50408225482553,117.70050608807547,118.34394073486328,80819200,0.0,0.0
117.09607172542653,117.37879562712054,115.87743806534003,116.89134216308594,85671900,0.0,0.0
118.59743117177423,120.42050239594532,118.10997769999379,119.08488464355469,118323800,0.0,0.0
120.55699346889742,121.06394179532072,119.41634671803331,119.9135513305664,75089100,0.0,0.0
120.76171631176526,122.99425393009696,119.9817878428641,122.74077606201172,88651200,0.0,0.0
123.32573080877205,123.93991951774667,122.49706137788411,123.04300689697266,80171300,0.0,0.0
122.67254799737614,124.71010003062226,121.99985979599343,124.69060516357422,83466700,0.0,0.0
125.71425994840894,127.11812846744388,125.29505706125592,127.08888244628906,88844600,0.0,0.0
126.54291392534559,129.70160264420477,126.22119287511026,129.66261291503906,106686700,0.0,0.0
129.19465689236446,129.51637793041473,127.35208358418392,127.94677734375,91420000,0.0,0.0
129.11669192988782,131.28098676840776,128.6194798143975,131.05674743652344,91266500,0.0,0.0
131.55396314021985,131.6124551846021,128.35626912284386,128.71697998046875,87222800,0.0,0.0
130.46205515581354,131.61243821608534,130.286564169391,131.12498474121094,89347100,0.0,0.0
130.92998916765907,131.29069993150603,129.93558004398386,130.7935028076172,84922400,0.0,0.0
130.15982336917756,132.07064756343885,129.99409097045535,131.45645141601562,94264200,0.0,0.0
131.6319582978669,132.12915555406386,128.502500021129,129.76988220214844,94812300,0.0,0.0
129.0386769276597,130.39379691363274,128.00527800142257,130.1500701904297,68847100,0.0,0.0
129.70158464304262,130.78373170695372,128.11249679084415,128.6291961669922,84566500,0.0,0.0
128.8437210981472,131.72943767595572,128.8437210981472,130.94952392578125,78657500,0.0,0.0
131.44671790843336,131.67094236224486,130.20858180313348,131.3394775390625,66905100,0.0,0.0
131.6221988567553,132.01217061234453,130.744788439507,131.01776123046875,66015800,0.0,0.0
130.93975103357886,131.6319415185454,129.74061964154626,130.2280731201172,107760100,0.0,0.0
133.04557765920794,133.63052788949472,129.12644681845208,130.13059997558594,151101000,0.0,0.0
128.4732785080669,130.2086122539688,127.78110267871843,128.16131591796875,109839500,0.0,0.0
128.7267036427075,130.70577838338053,128.5219815192614,129.2141571044922,75135100,0.0,0.0
127.89804644623831,128.19052150938094,123.52070884107249,124.64185333251953,137564700,0.0,0.0
125.95797834787251,127.17661206810328,124.75884693241741,124.88558959960938,84000900,0.0,0.0
124.68083714349731,126.49416448959799,123.9399058507591,126.48442077636719,78128300,0.0,0.0
127.78324849809151,128.1836279216994,126.44534732764843,127.15824890136719,78973300,0.22,0.0
126.37699713829772,126.50394017112625,123.83792786540381,123.87699127197266,88071200,0.0,0.0
120.60552510907532,123.31060121990447,119.89263087268371,122.95904541015625,126142800,0.0,0.0
120.50784795937597,121.71878371455706,119.38479927769015,119.89260864257812,112172300,0.0,0.0
121.66021008886267,123.19341357180042,121.34771025318693,122.04106903076172,105861300,0.0,0.0
123.29107148009538,124.89263410961189,122.90044481301196,124.46294403076172,81918000,0.0,0.0
123.84769755764366,123.95512006477786,122.23636740121376,123.31058502197266,74244600,0.0,0.0
123.59379552967953,124.01371786549493,121.8555147978895,121.92387390136719,63342900,0.0,0.0
120.27349147179841,121.99223682754793,119.9805196188087,121.76763153076172,92612000,0.0,0.0
122.2949800317053,124.72661966171272,122.1680220813628,124.32622528076172,76857100,0.0,0.0
124.82426479688547,125.00004641017311,122.27543512950636,122.49028015136719,79295400,0.0,0.0
123.05668957229345,124.94145621305331,122.98833046928489,124.12113952636719,63092900,0.0,0.0
124.82428611341189,125.3125750786712,123.35944156938784,123.92584991455078,72009500,0.0,0.0
123.98441377739123,124.40433608477755,123.45706896458631,123.87699127197266,56575900,0.0,0.0
123.4766199875777,124.6484925303121,122.14849379883397,122.34380340576172,94625600,0.0,0.0
122.62699066719642,122.85160338976284,121.63089988807833,121.68949127197266,71311100,0.0,0.0
122.1484865589402,122.4121552577231,121.03520547415292,121.36723327636719,67637100,0.0,0.0
121.36722658627286,122.30472600333286,121.14262130905783,122.12894439697266,59278900,0.0,0.0
121.7578580944845,121.92387199310579,120.24418267613345,120.64457702636719,76229200,0.0,0.0
121.16213974078971,123.20315975663462,120.94729474432367,122.93948364257812,75169300,0.0,0.0
123.21294086384106,123.35942679081123,121.90435013756394,122.94927215576172,71057600,0.0,0.0
123.63286644051075,125.44928155152503,123.2520074907996,123.76958465576172,74403800,0.0,0.0
124.22857085419675,124.75591573650723,123.55474004059155,124.15044403076172,56877900,0.0,0.0
124.04300329363414,125.18558742946014,122.9883211344928,123.15433502197266,71186400,0.0,0.0
123.56450647531338,124.45318231886102,123.14458411693292,124.36528778076172,53522400,0.0,0.0
124.82427485626314,127.4805197980516,124.09185265030386,127.42192840576172,96906500,0.0,0.0
126.89458011391095,127.53911517627388,126.35746756194183,126.60160827636719,62746300,0.0,0.0
127.31450018091431,127.82231705994997,125.449276371544,127.09965515136719,91815000,0.0,0.0
126.75786702289925,129.44341498990488,126.61137364763495,128.7012176513672,96721700,0.0,0.0
127.64653787053875,128.42777623689193,127.18755213466459,127.40239715576172,108953300,0.0,0.0
127.24612385129173,129.30667176152045,126.1816740756951,129.19924926757812,79663300,0.0,0.0
129.03324210427792,130.93753650393603,128.5351855604838,130.83987426757812,74783600,0.0,0.0
130.63486437979063,131.1719771239041,130.10751190332576,130.56649780273438,60214200,0.0,0.0
131.2988830515641,131.4844323925828,129.81450322458238,130.28326416015625,68711000,0.0,0.0
130.33208310563106,130.7519979740222,129.69730831930764,129.9902801513672,70783700,0.0,0.0
130.28328339969636,132.08015588124547,130.2246919993891,131.6211700439453,62111300,0.0,0.0
131.64071673742083,133.29111085936526,131.20126629635885,133.13485717773438,64556100,0.0,0.0
132.97859834281147,134.18954197676644,132.6856264263999,133.75009155273438,63261400,0.0,0.0
133.39848486144226,134.11137153536558,132.5781607819675,134.0527801513672,52485800,0.0,0.0
134.66801646633246,136.7188044942125,134.52153799341264,136.67974853515625,78852600,0.0,0.0
136.78720270819528,139.7950039901916,136.78720270819528,138.69149780273438,108181800,0.0,0.0
140.1757978920417,141.4941634456906,139.31643288260972,141.18167114257812,104911600,0.0,0.0
138.2618208095776,140.68369339366396,137.37314471380554,139.88291931152344,105575500,0.0,0.0
139.4043563311566,142.2363828285555,139.30669407903906,141.70904541015625,99890800,0.0,0.0
142.78327143895456,142.89069395646402,140.62506082396192,141.11334228515625,76299700,0.0,0.0
140.65435663279786,144.00397520789517,140.2637374239949,142.22662353515625,100827100,0.0,0.0
144.6289332803385,146.06448155656534,144.2187638575622,145.65431213378906,127050800,0.0,0.0
145.74224306877775,146.48442546002198,143.64262402981763,145.0000457763672,106820300,0.0,0.0
144.98050686009336,146.25002646546287,142.4609732736023,142.95901489257812,93251400,0.0,0.0
140.38090857655365,140.69341583864048,138.3496560764886,139.1113739013672,121434600,0.0,0.0
140.09768363521007,143.65237106764857,139.609402312616,142.72462463378906,96350000,0.0,0.0
142.11919121599766,142.7051348899588,141.24029060622254,141.9922332763672,74993500,0.0,0.0
142.51957617960753,144.72660272403846,142.39261824833602,143.3594207763672,77338200,0.0,0.0
144.09186284341388,145.23443967973952,143.47662343109712,145.07818603515625,71447400,0.0,0.0
144.79501181913238,146.31844783738003,144.23836371183495,145.49813842773438,72434100,0.0,0.0
145.62503750180875,145.71293947720633,142.13871611344763,143.3301239013672,104818600,0.0,0.0
141.41604789004137,143.5254269831522,139.19924629956387,141.58206176757812,118931200,0.0,0.0
141.29889173837356,143.1152993715257,141.1914692207776,142.22662353515625,56699500,0.0,0.0
140.99614324026174,142.90043773904355,140.73246710930246,142.4414520263672,70440600,0.0,0.0
142.92974528711127,143.50591381637727,141.8457598823253,142.10943603515625,62880000,0.0,0.0
142.39266574077612,144.5703973198966,141.77742620853948,143.90634155273438,64786600,0.0,0.0
143.818442994135,144.3262450458141,142.851640220645,143.5059356689453,56368300,0.0,0.0
143.53520021202812,144.37504483971543,142.7441867059485,143.6133270263672,46397700,0.0,0.0
143.13408767147246,143.87738193750994,142.42990787270435,142.92869567871094,54126800,0.22,0.0
142.9873899692901,143.47640294108896,142.3223394909196,142.8798065185547,48908700,0.0,0.0
143.2221579263746,144.46425536863836,142.10720866457348,142.40061950683594,69023100,0.0,0.0
142.84068876296502,143.49596433929045,142.33211110540972,142.6548614501953,48493500,0.0,0.0
142.97766394373784,145.7748196952717,142.63534877709864,145.6183319091797,72282600,0.0,0.0
145.69653653501413,146.15620995558572,145.01192130974562,145.8236846923828,59375000,0.0,0.0
145.27597699148956,147.8677548726636,143.25147091055382,147.79928588867188,103296000,0.0,0.0
146.92885446726953,148.34698930481986,145.8139053280962,146.88973999023438,92229700,0.0,0.0
146.50830231259667,147.4080844695857,142.938498348175,143.14389038085938,86326000,0.0,0.0
141.8431384679369,144.74787747327346,141.32478577627037,143.4764404296875,86960300,0.0,0.0
144.2001353891238,145.23684041442456,143.55463473897757,144.93365478515625,60549600,0.0,0.0
145.05104264712142,146.88973641640624,144.6402734925246,146.4202880859375,60131800,0.0,0.0
146.16599748585364,147.54501786684636,145.87258667150505,146.33226013183594,48606400,0.0,0.0
146.51806444524348,147.01686722827083,144.55223766808206,145.0999298095703,58991300,0.0,0.0
145.09017201862116,145.84324134015625,144.26861878609316,144.29795837402344,48597200,0.0,0.0
144.23927174159581,145.48136895257556,143.60356080464544,145.3346710205078,55802400,0.0,0.0
145.72586326960624,150.11720505871097,145.34443375463215,149.7553253173828,90956700,0.0,0.0
149.3054768809692,149.4423999461669,147.96557089636175,148.49371337890625,86453100,0.0,0.0
149.4717126602179,151.57446255268852,148.99247455645138,149.1587371826172,80313700,0.0,0.0
150.48886382470346,151.32019193818465,149.05116433458483,150.27369689941406,71115500,0.0,0.0
150.38128139931968,151.23217421828528,149.72600573087058,150.909423828125,57808700,0.0,0.0
151.5646663019791,153.80433891934064,150.99740952140291,153.2468719482422,82278300,0.0,0.0
153.5304873499963,153.5891665107901,150.59640992238946,151.7015838623047,74420200,0.0,0.0
152.07330474103176,152.6796762315656,150.56713598109823,150.68450927734375,57305700,0.0,0.0
151.59402874023678,152.0634770377577,145.4324620067416,145.696533203125,140893200,0.0,0.0
147.32007920432878,148.09271327265083,145.48138532354497,146.26380920410156,102404300,0.0,0.0
147.04622803340942,147.7504080093713,143.68181590903453,144.86521911621094,109296300,0.0,0.0
145.29552986579753,146.15619746026422,143.15365068997156,145.7552032470703,83281300,0.0,0.0
145.1781771600229,145.69652972947753,143.98498428450677,145.52047729492188,68034100,0.0,0.0
145.54987160597395,145.54987160597395,142.5570987880531,142.8505096435547,129868800,0.0,0.0
140.64014472255653,141.6572852174671,138.16574008474763,139.79904174804688,123478900,0.0,0.0
140.76728757977574,141.42257819093177,139.64256354879453,140.2782745361328,75834000,0.0,0.0
141.27586560496235,143.21235308306478,140.54234603803783,142.64511108398438,76404300,0.0,0.0
143.42750895866175,143.8480679048245,142.43970805715156,143.6035614013672,64838200,0.0,0.0
142.45925161579112,144.22947605037112,142.36144305952544,143.69155883789062,53477900,0.0,0.0
142.27343722725323,142.7526753188713,140.65970036682202,142.17562866210938,74150700,0.0,0.0
140.10223840010562,141.56927754565646,138.5765200764918,138.79168701171875,108972300,0.0,0.0
139.33934685752757,141.27583390106034,138.909013087078,139.69143676757812,74602000,0.0,0.0
140.5032568676167,141.20743697257745,138.17554958046878,138.39071655273438,89056700,0.0,0.0
138.7818918325454,139.77948259151805,136.0532056936857,139.51541137695312,94639600,0.0,0.0
138.64498918431897,139.0851129145273,135.2316872864061,136.0825653076172,98322000,0.0,0.0
136.42486459550415,139.11443634160335,136.29771642835235,138.00926208496094,80861100,0.0,0.0
136.4052949835953,139.02639764577518,135.32946035449564,138.87969970703125,83221100,0.0,0.0
139.91638512224736,141.05089876617805,139.58385989252358,140.14132690429688,61732700,0.0,0.0
140.86507705840515,141.01177498221017,139.42737771114903,139.75990295410156,58773200,0.0,0.0
139.1437779877816,141.62795772548145,138.69387941362646,139.67190551757812,64452200,0.0,0.0
140.0826575469626,140.10222224522562,137.94077825367475,138.40045166015625,73035900,0.0,0.0
138.13639477336537,138.29286758829517,136.1412134172162,137.8136444091797,78762700,0.0,0.0
138.98730641116916,140.71841699528724,138.40048471107957,140.60104370117188,69907100,0.0,0.0
140.61082264449493,141.71598203721894,140.3565262964831,141.6573028564453,67940300,0.0,0.0
140.29784030967528,143.6133481739968,140.01421930853004,143.32972717285156,85589200,0.0,0.0
143.77960431394027,145.8921441646938,143.32972068785898,145.49114990234375,76378900,0.0,0.0
145.43247137126255,146.45940171355207,144.86521446863128,145.98016357421875,58418800,0.0,0.0
145.54005210514717,146.35181550626882,144.62070524306984,146.19532775878906,61421000,0.0,0.0
146.40072504621372,146.879948270264,145.37379468633046,145.42269897460938,58883400,0.0,0.0
145.4128937692613,146.08773407498782,144.3761886308666,145.373779296875,50720600,0.0,0.0
146.04862376445527,147.52543764586656,145.7356482824783,146.03884887695312,60893400,0.0,0.0
146.07796575011088,146.43983059903536,145.22708789518356,145.5791778564453,56094900,0.0,0.0
146.5278811601097,149.80425972363017,146.43007257824578,149.2174530029297,100077900,0.0,0.0
143.9850068548087,146.64523910016035,143.1928080838573,146.50831604003906,124953200,0.0,0.0
145.71607664214312,146.41046663790817,144.55222349385764,145.68673706054688,74588300,0.0,0.0
145.39333388599684,148.23939283683745,145.38354407596196,146.72344970703125,69122000,0.0,0.0
147.0853287663622,148.63061162902127,146.52786170952203,148.16116333007812,54511500,0.0,0.0
148.24916301129954,149.08047604584104,147.3298163066968,147.64279174804688,60394600,0.0,0.0
148.76920495768735,149.07283317887465,146.97680309732056,148.17173767089844,65463900,0.22,0.0
148.29903947767883,148.45575560494797,147.07472275577462,147.34896850585938,55020900,0.0,0.0
147.11388237768483,148.31860574960734,146.97675951376903,147.7113494873047,56787900,0.0,0.0
146.93762626246985,147.04536675115244,144.81221384507222,144.88076782226562,65187100,0.0,0.0
145.8994181750369,146.35974762793103,144.6457037886557,144.83180236816406,41000000,0.0,0.0
145.38030385162924,147.30982881414465,144.4498258363453,146.90826416015625,63804000,0.0,0.0
147.28040751304476,148.7593917575851,146.3597188974358,146.9180145263672,59222800,0.0,0.0
146.85925789370467,148.37741378411212,146.27157982474884,147.89747619628906,59256200,0.0,0.0
147.89747444135526,151.8152883338415,147.88768528692268,150.33631896972656,88807000,0.0,0.0
150.55179723889825,155.40987800940817,149.90535437132496,154.62631225585938,137827700,0.0,0.0
154.41084228889372,157.71161083201548,153.31385912302107,157.2512664794922,117305600,0.0,0.0
158.35800620438556,162.2954127503928,157.69198511799027,157.71157836914062,117467900,0.0,0.0
157.8095322884944,158.47556839424874,155.79186060844827,158.0935821533203,96041900,0.0,0.0
157.44711907207267,158.80855857074818,156.35992530368637,158.6126708984375,69463600,0.0,0.0
156.2913900038225,157.15329885394945,153.14733793761846,153.5880889892578,76959800,0.0,0.0
156.09551231703932,157.87812500699889,155.52742744700635,156.94764709472656,88748200,0.0,0.0
156.70277541909022,162.11915223655976,156.63420649835714,161.90367126464844,174048100,0.0,0.0
164.0388470193993,166.800912709941,161.14946255292463,161.38453674316406,152052500,0.0,0.0
155.47846334245494,160.82627140546424,154.55777460571244,160.3953094482422,136739200,0.0,0.0
160.64995624545222,161.57064486360198,156.43830349501886,158.51473999023438,118023100,0.0,0.0
160.91438234430973,164.43063118657795,160.90459319122638,161.92323303222656,107497000,0.0,0.0
165.60596828506618,168.05460157243954,164.88116745170595,167.66281127929688,120405400,0.0,0.0
168.593312102322,172.34462027485748,167.19268602213367,171.48269653320312,116998900,0.0,0.0
171.31620335113058,173.11839407886248,170.3465390733042,170.973388671875,108923700,0.0,0.0
171.61005099944745,175.93923359247646,171.1007310045987,175.76292419433594,115402700,0.0,0.0
177.39864683516083,178.38790462305025,171.9235043169994,172.1291961669922,153237000,0.0,0.0
171.64920321778123,174.08804749115933,168.67167154672788,170.74810791015625,139380400,0.0,0.0
171.51207028188244,175.81186972926076,168.76959801571434,175.61598205566406,131063300,0.0,0.0
175.5964252181878,177.41820935643656,167.24168791922142,168.7206573486328,150185800,0.0,0.0
166.43852716670187,169.90580094866743,166.20346789014454,167.62367248535156,195432700,0.0,0.0
164.82240940360504,167.07515510943043,164.01926542394992,166.26220703125,107499100,0.0,0.0
168.03504264727704,169.641345814115,165.64517367936028,169.4356689453125,91185900,0.0,0.0
169.48461926274177,172.24668517933623,168.6129062856775,172.0312042236328,92135300,0.0,0.0
172.23689273327608,173.21634616947264,171.66880794684926,172.65805053710938,68356600,0.0,0.0
173.4514127643316,176.71299463822913,173.43183445537653,176.62484741210938,74919600,0.0,0.0
176.4583204970068,177.60427913199814,174.86180674158715,175.60618591308594,79144300,0.0,0.0
175.6453755384828,176.91866791508298,174.4798236309474,175.69435119628906,62348900,0.0,0.0
175.7825301909609,176.85993507638065,174.4308795065752,174.5386199951172,59773000,0.0,0.0
174.43087489725414,175.5474513193314,173.61792667706044,173.92156982421875,64062300,0.0,0.0
174.17621628400974,179.12245940789794,174.05868664745196,178.27032470703125,104487900,0.0,0.0
178.8776038701533,179.1812320747434,175.43971239750775,176.00779724121094,99310400,0.0,0.0
175.91962765597447,176.46811917460536,171.0517430102158,171.32598876953125,94537600,0.0,0.0
169.15161788468467,171.69820298422886,168.11339955718992,168.46600341796875,96904000,0.0,0.0
169.33774568513564,170.56206278186582,167.51596124739,168.63253784179688,86709100,0.0,0.0
165.6059836604726,168.95571251516662,164.71467747425172,168.65208435058594,106765600,0.0,0.0
168.77941063247667,171.58063290230876,167.3102305884416,171.48269653320312,76138300,0.0,0.0
172.5013205493631,173.5395387171234,171.22804314076478,171.92344665527344,74805200,0.0,0.0
172.16831849084767,172.9910557649256,168.26029402106818,168.65208435058594,84505800,0.0,0.0
167.81952731493655,170.20939579349408,167.57466398631828,169.5139923095703,80440800,0.0,0.0
167.98604466295757,168.99488045377709,165.92920152184269,166.31118774414062,90956700,0.0,0.0
166.50708841129685,167.56489994287205,162.53050974989438,162.81454467773438,94815000,0.0,0.0
163.54914953452655,166.19367112950465,160.8066766064742,161.12989807128906,91420500,0.0,0.0
161.04175539217772,162.91251531175593,158.96531859071325,159.07305908203125,122848900,0.0,0.0
156.73213888196668,158.9652914615593,151.5214395660685,158.29925537109375,162294600,0.0,0.0
155.71350456711474,159.41583739515477,153.79378418345803,156.4970703125,115798400,0.0,0.0
160.14061983418955,161.01233270214277,154.57733208034693,156.40890502929688,108275300,0.0,0.0
159.1122394434115,160.47367939334515,155.02791959361053,155.9486083984375,121954600,0.0,0.0
162.30523687541563,166.8499002604039,159.4550237648548,166.83030700683594,179935700,0.0,0.0
166.66380312140188,171.4043542462614,166.02714940989443,171.18887329101562,115541600,0.0,0.0
170.43469133018758,171.2476394960686,168.76962343591478,171.02236938476562,86213900,0.0,0.0
171.1595110141142,172.26629832848187,169.76868874093756,172.22711181640625,84914300,0.0,0.0
170.89501118442868,172.61885859356588,168.58350075012603,169.34747314453125,89418100,0.0,0.0
168.3668057872498,170.7401162961765,167.38610440694853,169.0631103515625,82465400,0.22,0.0
169.52402175607514,170.5929825465771,167.65087874308003,168.34718322753906,77251200,0.0,0.0
168.41582891603926,171.9659777736799,168.12161553517308,171.4560089111328,74829200,0.0,0.0
172.65246413479986,173.2408759269309,171.5246486789991,172.87802124023438,71285000,0.0,0.0
170.77933021680633,172.09346641687537,168.23931734555768,168.79830932617188,90865900,0.0,0.0
169.00425774018962,169.73978371917386,164.79704076038374,165.38546752929688,98670700,0.0,0.0
164.13996586391173,166.30732224292808,163.34560023389338,165.62083435058594,86185500,0.0,0.0
167.67051458711066,169.61229911156767,166.96440840288716,169.45538330078125,62527400,0.0,0.0
168.53352854543166,169.99476394129306,166.7682631690513,169.2200164794922,61177400,0.0,0.0
167.72933608370406,168.5923579851135,165.2187432406735,165.62083435058594,69589300,0.0,0.0
166.54270637048876,167.24879755806595,162.98275576839345,164.0713348388672,82772700,0.0,0.0
161.79608567118115,163.47309136847835,159.0206993785114,161.14883422851562,91162800,0.0,0.0
162.34527208329274,162.94350042130728,156.66701864895236,156.98085021972656,90009200,0.0,0.0
149.63540593186767,159.70721245821238,149.06659738297807,159.59933471679688,141147500,0.0,0.0
160.6781069290293,161.9334034703252,157.76542269815738,161.6686248779297,91974200,0.0,0.0
159.91313801466617,162.2275934848512,159.29529145951147,161.93338012695312,95056600,0.0,0.0
161.52149747345592,163.3848388800103,158.84418717486,160.05044555664062,83474400,0.0,0.0
161.2175065361206,164.1301909633288,159.80529409089044,163.3456268310547,79724800,0.0,0.0
165.21874895199736,165.65025991761865,162.35510295615475,163.02197265625,76678400,0.0,0.0
161.31554410601458,162.3550849729684,158.9716688608393,160.02101135253906,83737200,0.0,0.0
160.2073525837716,161.8353202073776,155.9707161123603,156.2257080078125,96418800,0.0,0.0
155.75498387793954,159.73662866525098,152.7932618336368,154.401611328125,131148300,0.0,0.0
158.363665526824,160.25642710163922,156.33362131227005,159.8052978515625,91454900,0.0,0.0
157.10835602606574,157.29469168011647,152.96979505950804,155.46078491210938,105342000,0.0,0.0
155.8628386400447,156.20609005481433,151.51833939243923,151.743896484375,96970100,0.0,0.0
148.527210200246,151.1456808985897,147.20327241217439,147.71322631835938,108732100,0.0,0.0
147.98782853142856,152.56771702935066,147.4778746009712,152.0969696044922,92964300,0.0,0.0
154.01917189606445,156.91223829679822,151.47915863007114,156.51014709472656,102300200,0.0,0.0
155.54904405714797,157.89291972026123,154.58796090972857,157.52024841308594,75615400,0.0,0.0
157.41237930909367,161.30576513800085,156.6768532451588,160.81541442871094,123511700,0.0,0.0
160.35447849802293,163.13968181166422,159.8641278042269,162.1884002685547,95811400,0.0,0.0
162.31584770945418,166.15039293346567,161.72743597716038,165.56198120117188,81532000,0.0,0.0
164.74801286692667,169.30826781804822,164.41456305995604,166.9251708984375,98062700,0.0,0.0
167.75878767591715,170.77934993823305,166.92520042184205,170.71070861816406,90131400,0.0,0.0
170.52434378661113,171.89731959636083,169.4161465488256,171.34812927246094,80546200,0.0,0.0
168.84732298325162,172.33861684390223,168.68060557578377,172.2111358642578,90371900,0.0,0.0
173.28009079226467,175.55530970776783,172.93683939967303,175.50628662109375,100589400,0.0,0.0
175.1042250130881,176.14376602591867,173.289921571538,174.3392791748047,92633200,0.0,0.0
174.4078950100189,174.59423062931046,171.03428054201657,171.240234375,103049300,0.0,0.0
170.67146498333403,171.5050671665747,168.62180263029362,170.94606018066406,78751300,0.0,0.0
171.2010287452735,175.04537594723365,171.07353279095375,174.996337890625,76468400,0.0,0.0
174.07446238611692,174.85902633621265,171.05390090505156,171.68154907226562,73401800,0.0,0.0
169.0336712319797,170.27916603294383,166.8467115933005,168.51390075683594,89058800,0.0,0.0
167.8568338106809,170.01437362269277,166.5721175347958,168.8179168701172,77594700,0.0,0.0
168.4648674430598,168.4648674430598,165.93465630346196,166.80747985839844,76575500,0.0,0.0
165.45415248244237,165.7679691730941,162.30609416242459,162.55126953125,72246700,0.0,0.0
164.77744578641645,166.59173431379904,163.42407312851623,164.4243927001953,79265200,0.0,0.0
164.15956045959953,167.7391135745519,163.55153055162586,167.11146545410156,70618900,0.0,0.0
167.32723694124167,167.96470171120438,161.85492235187505,162.10009765625,75329400,0.0,0.0
160.75656858845937,163.38485607115766,160.41333208367593,161.88438415527344,69023900,0.0,0.0
161.83529886968466,164.58126492825465,160.74672005577804,164.1693572998047,67723800,0.0,0.0
165.50314204406817,165.62083637298807,162.89448802131358,164.00267028808594,67929800,0.0,0.0
165.65026467883652,168.21969736612456,162.70816069883412,163.20831298828125,87227800,0.0,0.0
163.24752061254705,164.63029786624585,158.38323630639394,158.66763305664062,84882400,0.0,0.0
158.01058942731927,160.0210300948507,155.40193532965264,159.73663330078125,96046400,0.0,0.0
159.1187908139756,159.207050342252,153.69551365548884,153.7739715576172,95623200,0.0,0.0
152.90114966122312,156.70626068843154,152.38137914765707,153.5484161376953,88063200,0.0,0.0
156.17667104674604,161.34497072445453,155.8628394699356,160.48194885253906,130216800,0.0,0.0
158.71668452045293,162.99254251007733,154.2152694364459,154.6075439453125,131747600,0.0,0.0
153.6856836225158,155.17633859448196,150.31206927613943,154.91156005859375,123055300,0.0,0.0
155.09791756360522,157.60852567132414,153.30324720330452,156.40225219726562,88966500,0.0,0.0
156.58858056796436,163.26715427373458,156.18648942865437,162.8160400390625,108256500,0.0,0.0
160.68790391798768,160.91346101284063,151.95965391653039,153.74453735351562,130525300,0.0,0.0
153.22401904266582,156.59277501720737,151.4266967858706,154.47134399414062,116124600,0.23,0.0
152.16331792415085,153.0472550938576,148.78476058813538,149.34457397460938,131577900,0.0,0.0
152.74278207802044,153.94099694086412,150.19902200842762,151.7508087158203,115366700,0.0,0.0
150.75886233593417,152.6740370686738,143.2061846849442,143.8838653564453,142689800,0.0,0.0
140.22044713133192,143.58918770892123,136.32134136947613,140.01419067382812,182602000,0.0,0.0
142.00793811597927,145.45526685384394,140.55437184575726,144.48294067382812,113990900,0.0,0.0
142.9508252776519,144.88564694988057,141.60528003698874,142.9409942626953,86643800,0.0,0.0
146.2017017887358,147.09545486873625,144.06062380512492,146.57492065429688,78336300,0.0,0.0
144.22759932213285,144.72848648816108,137.40169851030006,138.30528259277344,109742900,0.0,0.0
137.38205052865445,139.13026237954173,134.160625433561,134.89723205566406,136095600,0.0,0.0
136.60616321771064,138.18741285426975,130.24188557508393,135.13294982910156,137426100,0.0,0.0
135.32937819993117,140.7016976717336,135.19187888015,140.55438232421875,117726300,0.0,0.0
138.2954308094958,139.43471927603565,134.87758039617586,137.8534698486328,104132700,0.0,0.0
135.95793161918118,139.25792986661668,135.8695424217508,138.0106201171875,92482700,0.0,0.0
134.93654353419183,141.76243020669472,134.69100793456005,141.21243286132812,90601500,0.0,0.0
142.79365382955837,147.00703727273068,142.66597054796807,146.96775817871094,90978500,0.0,0.0
146.40794084331958,147.9695433008326,144.2177530085784,146.18203735351562,103718400,0.0,0.0
147.223134407982,149.03028774780992,145.0427771604216,146.0543975830078,74286600,0.0,0.0
145.1900746138875,148.5686459793301,144.2373955374819,148.5097198486328,72348100,0.0,0.0
144.27667399411106,145.32757327458623,141.8802597672709,142.78382873535156,88570300,0.0,0.0
144.4043487713543,145.9168559663355,142.31238134609404,143.53024291992188,71598400,0.0,0.0
141.77225627538414,146.33921227466968,141.52672068431926,146.0543975830078,67808200,0.0,0.0
145.92668764129223,147.19364446593215,144.82669318974126,145.31776428222656,53950200,0.0,0.0
144.45347180040457,145.30793069054988,139.98472194082933,140.09275817871094,69473000,0.0,0.0
137.7749096051149,138.2463336751748,134.61241045362357,134.68116760253906,91437900,0.0,0.0
130.49724415866797,132.78563754326257,129.09278784637604,129.52493286132812,122207100,0.0,0.0
130.75260877313121,131.49903152365633,129.1320649915738,130.3892059326172,84784300,0.0,0.0
131.89190905848182,134.887446665468,129.79995573483666,133.0115509033203,91533000,0.0,0.0
129.72131968565517,130.02578131377922,126.73559955515913,127.73738861083984,108123900,0.0,0.0
127.74724995941777,130.70349274398822,127.49188338256819,129.21063232421875,134520300,0.0,0.0
131.0373740514513,134.61237006490077,130.93916885056706,133.44361877441406,81000500,0.0,0.0
132.38295585554104,135.29991972582334,131.5186808102628,132.93296813964844,73409200,0.0,0.0
134.37669341757493,136.11507419750754,133.2079418850883,135.80079650878906,72433800,0.0,0.0
137.40168446081998,139.37579982628543,137.27401616859356,139.13026428222656,89116800,0.0,0.0
140.1516855515393,140.92758626309347,138.45258378281605,139.13026428222656,70207900,0.0,0.0
139.5918597520797,140.85881645152855,134.867758706979,134.98561096191406,67083400,0.0,0.0
135.00530159449806,138.15797032243336,134.22940070216495,136.74368286132812,66242400,0.0,0.0
134.7990223471169,135.89901685954254,131.38117155043633,134.2784881591797,98964500,0.0,0.0
133.61062978312276,136.5570566364842,133.23742590571564,136.4490203857422,71051600,0.0,0.0
135.3097312194843,139.08115356288656,134.4847204054961,139.03204345703125,73353800,0.0,0.0
138.8257816256178,141.54630425251995,138.56059908194536,140.36773681640625,74064300,0.0,0.0
140.7311436298687,143.93293666537267,140.72132760332855,143.73651123046875,66253700,0.0,0.0
142.6660027762283,144.9151173141752,142.41065114166443,144.41421508789062,64547800,0.0,0.0
143.06869121316626,144.0213706040194,141.21244255201725,142.28297424316406,63141600,0.0,0.0
143.1570440660671,145.79900902596674,142.4597314847581,143.25526428222656,77588800,0.0,0.0
140.43652068379964,143.83472435454556,139.58204676627264,142.89187622070312,71185600,0.0,0.0
141.5070457617974,146.29007333779407,140.69186596170863,145.8186492919922,78140700,0.0,0.0
147.10523120118472,148.1659463857876,145.5534450044304,147.48826599121094,76259900,0.0,0.0
148.04814036588357,148.86332029894717,144.08027695642463,144.4436798095703,81420900,0.0,0.0
145.27848208027842,148.52937058051154,144.286523787425,148.30348205566406,82982400,0.0,0.0
148.4213562417651,150.97493250294357,147.6847494340756,150.30706787109375,64823400,0.0,0.0
151.7409787508479,152.79187815956976,149.2266969700013,152.5758056640625,65086600,0.0,0.0
152.61507520531072,153.48918116011728,150.67043785379852,151.33828735351562,66675400,0.0,0.0
151.25974222884446,152.27134767920083,149.5606401112027,150.2186737060547,53623900,0.0,0.0
149.54096368293668,150.3561434947877,148.1070444852617,148.89276123046875,55138700,0.0,0.0
149.85527117258624,154.52044701167125,149.44277321253915,153.99008178710938,78620700,0.0,0.0
154.17665157972678,154.82486891584517,151.65255435703267,154.54005432128906,81378700,0.0,0.0
158.3606155964203,160.70793488273625,156.65168275313596,159.60792541503906,101786900,0.0,0.0
158.13469189637678,160.6686202770066,158.01683964165412,158.62576293945312,67829400,0.0,0.0
157.24099208938756,159.50973846034333,156.7793839981374,157.152587890625,59907000,0.0,0.0
157.96774380452692,163.61506130985597,157.8793546055034,163.1632843017578,82507500,0.0,0.0
163.04540919289056,164.20434469622828,161.49362283306857,162.84898376464844,55474100,0.0,0.0
160.51806934143676,163.114525365312,160.31152641592973,162.62277221679688,56697000,0.23,0.0
163.62600159758355,165.04225361834065,161.4917939022086,162.15074157714844,60276900,0.0,0.0
161.31474028979756,163.08505499075815,160.55743608300256,162.19989013671875,63135500,0.0,0.0
164.91435623038078,166.54698055787682,164.14722239112217,166.44863891601562,70170500,0.0,0.0
167.25508037658958,168.16974904694416,165.41592838247487,165.7109832763672,57149200,0.0,0.0
167.01909604715942,169.33032752565057,166.60601007376212,169.26148986816406,68039400,0.0,0.0
168.69105712274018,170.53020967215141,168.5238628007137,170.33351135253906,54091700,0.0,0.0
169.93024033504878,170.84490912166515,168.82871793209483,170.17611694335938,56377100,0.0,0.0
169.92044098012414,173.24468311255228,169.72374265981617,171.67108154296875,79542000,0.0,0.0
170.88425233332873,172.01527879196829,170.26463844345383,171.27764892578125,62290100,0.0,0.0
170.1761140668042,170.87441022573427,168.48448182965225,168.69102478027344,70346300,0.0,0.0
166.89122718275175,167.05842149370653,164.38328250419255,164.8061981201172,69026800,0.0,0.0
164.32426652803133,165.92738691269662,163.90135093265715,164.47178649902344,54147100,0.0,0.0
164.56030249873976,165.33726597260625,163.50794341888323,164.76683044433594,53841500,0.0,0.0
165.99623327523008,167.3338027751895,165.57333266477946,167.22561645507812,51218200,0.0,0.0
167.75672364191396,168.22880259575382,160.86233294904275,160.9213409423828,78961000,0.0,0.0
158.4920749241394,160.2132113909233,157.18402441564837,158.71829223632812,73314000,0.0,0.0
159.45592432505862,159.8788249449609,155.11865676791015,156.28903198242188,77906200,0.0,0.0
157.66589243531146,157.9314433381074,154.54817926746995,154.62686157226562,87991100,0.0,0.0
154.05642452911226,155.8070645231953,152.11891593895604,155.3546600341797,74229900,0.0,0.0
157.11517641377614,157.71511602884905,152.41401615420267,153.2401580810547,76957800,0.0,0.0
153.88926726791752,154.49903651153815,151.15512032719968,151.98126220703125,73714800,0.0,0.0
152.26646809885722,154.0859459351541,151.07641875135508,153.38766479492188,87449600,0.0,0.0
152.0894537868935,153.7810862700933,150.1617743268103,151.9124298095703,84923800,0.0,0.0
152.90577277832278,155.21701929836195,152.19764682354995,154.77442932128906,68028800,0.0,0.0
156.9577901423654,161.5507634451195,156.67257987610813,160.7344512939453,104956000,0.0,0.0
157.26267420589616,157.89211772902357,150.8403783347764,151.30262756347656,122656600,0.0,0.0
152.23695501832623,154.50886749732993,151.07642462426648,152.74838256835938,87965400,0.0,0.0
152.09925057054045,152.67953072071606,148.8831956207659,149.8568572998047,90481100,0.0,0.0
148.71602969989698,148.85372001445614,145.92285973622464,148.2144317626953,162278800,0.0,0.0
146.84732672200167,152.01073491901784,146.64079879810572,151.9320526123047,81474200,0.0,0.0
150.86989154639073,155.4727097837978,150.5551772691551,154.31216430664062,107689800,0.0,0.0
154.74492033364538,156.12183853779936,151.06661536137307,151.18463134765625,101696800,0.0,0.0
149.86673172221157,151.92225679396847,148.42097590441998,150.22079467773438,86652500,0.0,0.0
148.69635763891162,148.97173827223702,146.10973061112034,147.94888305664062,96029900,0.0,0.0
147.19158660210013,151.2337989231627,147.1719122700789,148.2832794189453,93339400,0.0,0.0
150.22080529252614,152.16814418194363,147.47681344155066,149.2569580078125,84442700,0.0,0.0
145.20488028971093,148.15539940831013,142.45105944426174,147.36859130859375,146691400,0.0,0.0
143.69032433945154,144.30009364647282,138.35970520995244,140.13002014160156,128138200,0.0,0.0
138.9497794383235,140.7397682439674,135.72387972938284,135.9205780029297,124925300,0.0,0.0
135.93043653465315,140.71027860420344,135.41900896557823,140.10049438476562,114311700,0.0,0.0
142.6379332973476,143.80830832520158,141.88062916042142,143.69029235839844,87830100,0.0,0.0
141.69377951288206,144.94918341662517,140.65125008419213,143.98533630371094,79471000,0.0,0.0
143.40507882099124,145.1065408456924,142.8248135939426,143.03134155273438,68402200,0.0,0.0
140.18902234140444,140.7397986362367,137.14999058855568,137.77943420410156,85925600,0.0,0.0
138.10397338867188,139.5497290653031,136.28449546728626,138.10397338867188,74899000,0.0,0.0
137.59253769929057,139.01863396780078,135.94025417061508,136.68771362304688,77033700,0.0,0.0
136.8352517842159,138.04496046792565,135.88124936484056,136.0582733154297,70433700,0.0,0.0
132.76354024673512,141.22168665886508,132.15375604675947,140.631591796875,113224000,0.0,0.0
141.9298435333937,142.13638653487928,135.91078758368462,136.09765625,88598000,0.0,0.0
138.74329241493984,140.5430964053638,137.95648408162927,140.06118774414062,85250900,0.0,0.0
143.09033465697712,144.2803688565933,138.29081918893948,141.3790283203125,99136600,0.0,0.0
139.35303637893844,142.55926212019432,139.16616774549112,141.48724365234375,61758300,0.0,0.0
140.6611165197279,143.48377562705596,140.29720887706276,141.02500915527344,64522000,0.0,0.0
140.51356590449524,145.41143897685419,140.29719327846567,144.84100341796875,86548600,0.0,0.0
144.76232705447245,147.75218027161432,143.59195189473937,146.98504638671875,75981900,0.0,0.0
147.61447265041116,149.97489702549265,146.89651717711538,149.82736206054688,74732300,0.0,0.0
148.47013415168624,149.48314455270017,145.59828223025528,146.88668823242188,88194300,0.0,0.0
145.62782920100577,146.59166146526223,141.75281080290236,142.41175842285156,109180200,0.0,0.0
145.75566287950778,154.90227649289278,145.3819406077306,153.1713104248047,164762400,0.0,0.0
150.6338586024099,151.69604741946125,149.41430514421359,150.81088256835938,97943200,0.0,0.0
152.52219441549875,152.88608702918296,146.6703335656384,148.16525268554688,80379300,0.0,0.0
146.49328294195223,149.66017491618842,142.60843546015093,142.637939453125,93604600,0.0,0.0
139.7169294177421,140.44472962212055,136.4615253404881,136.58938598632812,97918500,0.0,0.0
139.97824816387146,140.5496299805745,132.38284296255216,136.32339477539062,140814800,0.23,0.0
135.07229477760092,137.08197002566635,133.65369341095922,136.8553924560547,83374600,0.0,0.0
138.32323704462326,139.32806703138522,135.44663574586633,137.4267578125,89908500,0.0,0.0
136.44162616361422,136.49088607476932,132.58973260430815,132.86557006835938,74917800,0.0,0.0
139.14089348616804,144.6872100830078,137.42674799216064,144.6872100830078,118854000,0.0,0.0
143.65281852957958,147.78053378231226,142.22435652176193,147.4751434326172,93979700,0.0,0.0
146.7559957323241,148.04652398997993,145.23887493220099,146.0762481689453,73374100,0.0,0.0
149.9576976256643,151.3073317859871,146.35208917690562,147.81008911132812,89868300,0.0,0.0
146.9136479496193,147.64264051462695,145.10098244243153,146.5786895751953,64218300,0.0,0.0
144.25373060276158,149.2286798359038,143.97789320265173,148.47998046875,80389400,0.0,0.0
150.04634875723008,150.43055193083845,147.74112971557977,149.04150390625,74829600,0.0,0.0
147.928327968664,148.1351985339266,145.52458880647748,145.81027221679688,58724100,0.0,0.0
145.92849249022925,148.1844518302865,144.7463148991296,147.94801330566406,51804100,0.0,0.0
147.22886486968167,149.57349802080938,147.1204990929822,148.82479858398438,58301400,0.0,0.0
146.1058228227629,146.66735873059727,144.93350612985708,145.90879821777344,35195900,0.0,0.0
142.98293960504637,144.4606467175549,141.24910200456142,142.0766143798828,69246000,0.0,0.0
142.14554009146167,142.6578160052338,138.26410941652946,139.07191467285156,83763800,0.0,0.0
139.29850181511986,146.50971891238402,138.4611435666205,145.82997131347656,111380900,0.0,0.0
146.00729966926298,146.9136247638141,144.43107296360157,146.10580444335938,71250400,0.0,0.0
143.79075438457457,145.80042936443078,143.48534896644694,145.61325073242188,65447400,0.0,0.0
145.57381637424345,148.67699441991306,143.60354078156183,144.4507598876953,68826400,0.0,0.0
144.88426506871545,145.11084261882044,139.81079492252832,140.7860870361328,64727200,0.0,0.0
140.07677467327488,141.23923029830829,137.91932004741116,138.84535217285156,69721100,0.0,0.0
140.24422386630843,141.38698737134578,139.00295559622268,140.5299072265625,62128300,0.0,0.0
140.2245130259643,143.40651899251785,138.8059121667718,140.0471954345703,76097000,0.0,0.0
140.5791849523235,142.35243630018152,138.9635592869445,142.34259033203125,70462700,0.0,0.0
147.27810283544738,147.7411188094641,142.09628335791112,143.30799865722656,93886200,0.0,0.0
143.18979848966035,144.48032672192886,139.06206832067184,141.08160400390625,82291200,0.0,0.0
139.01284678575612,139.69259452336593,134.00834311374663,134.4713592529297,98931900,0.0,0.0
134.6585187405124,135.60424282446493,131.74250357896327,132.5109100341797,160156900,0.0,0.0
133.1019778704447,133.19063667083125,129.36831196695024,130.40269470214844,79592600,0.0,0.0
129.43729149310985,131.26964891983806,127.95958437581338,130.33377075195312,77432800,0.0,0.0
131.0036134680718,134.77669284525507,130.7770359950843,133.43690490722656,85928000,0.0,0.0
132.35328842388512,132.56015897362735,128.36347675529532,130.26478576660156,77852100,0.0,0.0
128.974266934376,130.4519739547497,127.71329147955147,129.90029907226562,63814900,0.0,0.0
129.42743066905106,129.45698360544398,126.80696007412172,128.0974884033203,69007800,0.0,0.0
127.74283419111387,129.08262238361158,123.99931454878694,124.16678619384766,85438400,0.0,0.0
126.08781995267968,128.54081165179434,125.83168946503402,127.68374633789062,75703700,0.0,0.0
126.50158621125367,128.01869226136404,125.53614757244897,127.99898529052734,77034200,0.0,0.0
128.34378035287284,128.95456111650307,122.3245864348614,123.21121215820312,112117500,0.0,0.0
125.00416235162118,126.7478608503369,123.22106494631889,124.48204040527344,89113600,0.0,0.0
125.24058317585433,125.87107085400619,122.90581107632524,123.16194152832031,80962700,0.0,0.0
124.13723942127505,128.35362127262974,123.03388217385093,127.6935806274414,87754700,0.0,0.0
128.53093430540028,131.4272419402479,127.95955255827974,128.21568298339844,70790800,0.0,0.0
128.3240932303102,129.30923140505178,126.21589813764389,128.787109375,63896200,0.0,0.0
129.29935853420528,131.52576493439358,128.52110615216108,131.50607299804688,69458900,0.0,0.0
131.8902467800209,132.26458890325407,129.48650826490348,131.42723083496094,71379600,0.0,0.0
130.0677644513709,132.914812571895,129.70326821418658,132.75718688964844,57809700,0.0,0.0
132.82614355724837,135.24957434953774,132.1365500404185,133.91964721679688,63646600,0.0,0.0
134.78658853017248,136.5499789381121,133.02318309021993,133.2005157470703,69672800,0.0,0.0
132.08728136161048,134.2250286377242,131.78189104102427,133.2595977783203,58280400,0.0,0.0
133.26944989272516,135.96873306889344,132.22520615532028,135.82095336914062,80223600,0.0,0.0
136.06726442233395,141.18999437445396,135.85053284595898,139.01283264160156,81760300,0.0,0.0
138.22472018745663,141.03236969957698,138.21487421828232,140.41172790527344,66435100,0.0,0.0
138.7960782416761,140.3131839948148,136.7469896041819,139.7516632080078,65799300,0.0,0.0
141.0421976938989,142.10614847767724,139.79106829556534,141.82046508789062,54105100,0.0,0.0
141.03236318771044,145.04186713056833,140.95355034191297,143.7611846923828,70555800,0.0,0.0
142.8056023172103,143.38683009380475,140.7269606636837,140.87472534179688,64015300,0.0,0.0
140.57920288721874,142.19482875871702,140.1654466919342,142.14556884765625,65874500,0.0,0.0
141.83032262446247,144.43108640849707,139.21971287170524,143.26861572265625,77663600,0.0,0.0
146.68702845858084,148.9331416858034,145.96788199485025,148.57850646972656,118339000,0.0,0.0
145.82996797468513,155.04101372137666,145.6329433931969,152.2038116455078,154357300,0.0,0.0
150.3025335672756,150.82465558006805,148.53912787485072,149.47500610351562,69858300,0.0,0.0
148.40119485902974,152.92297488891165,148.40119485902974,152.35159301757812,83322600,0.0,0.0
151.5930321421785,152.28262569889247,148.9233016908853,149.6621551513672,64120100,0.0,0.0
151.49453251585427,152.036361465456,148.18446797066764,148.62777709960938,56007100,0.0,0.0
147.4635148483787,149.3183915069066,147.22671535677526,148.9927978515625,57450700,0.23,0.0
148.93360529625505,152.19938787253557,148.90400724096855,151.7948760986328,62199000,0.0,0.0
150.08797404321209,151.71594235255213,148.84481056104855,151.15354919433594,61707600,0.0,0.0
151.06479521662123,153.42286958750384,150.83787171493694,153.25514221191406,65573800,0.0,0.0
151.45941308943844,154.24175084931028,151.3015618059057,151.65675354003906,68167900,0.0,0.0
150.31494264074843,150.9562540378776,148.83497936586727,150.51226806640625,59144100,0.0,0.0
148.19363813923312,149.27895045459564,146.42755543146694,146.49661254882812,58867200,0.0,0.0
146.88140906273446,147.94698436963745,145.19425945136115,146.92088317871094,51011300,0.0,0.0
148.08511286734324,148.33177339849212,145.27319184522457,147.40432739257812,48394200,0.0,0.0
145.1449254913303,145.22385866894857,143.77349352201168,144.75027465820312,55469600,0.0,0.0
145.73692063205627,147.1774097603546,145.48038403430326,145.94410705566406,44998500,0.0,0.0
145.085741426228,147.08862392793702,144.86867893348426,145.44093322753906,50547000,0.0,0.0
144.86867310742886,145.26332395747403,143.07297711330398,143.3689727783203,55479000,0.0,0.0
142.4513915466776,144.75026945161636,141.977792498003,143.96095275878906,52238100,0.0,0.0
146.0624926286878,149.0914911594904,145.36198515518814,149.01255798339844,70732300,0.0,0.0
151.7357028817241,154.2121845297758,151.41012419214647,151.77517700195312,87558000,0.0,0.0
151.64687511738626,151.9724687898397,149.11121296034582,149.57493591308594,56182000,0.0,0.0
150.768776295138,151.41996369175047,149.80187125635692,150.82797241210938,47204800,0.0,0.0
151.5087739759212,152.47567911750554,148.2232536400137,148.5784454345703,53833600,0.0,0.0
148.20352210122027,148.92376664622063,145.63824652167983,146.516357421875,68572400,0.0,0.0
145.83558063473313,151.09438534791173,145.72704939093524,148.46005249023438,84457100,0.0,0.0
149.25919818665145,151.35087437586574,148.09496787151124,150.55169677734375,73695900,0.0,0.0
149.17043689978033,151.2029174267054,147.91739708809698,150.94639587402344,77167900,0.0,0.0
150.1274764543104,154.37004080347904,149.6144183096525,153.7681884765625,76161100,0.0,0.0
153.99509488717774,154.64628226147335,152.21913616408204,152.9295196533203,98944600,0.0,0.0
152.99862213932042,155.71188834819753,152.09089801379864,155.2974853515625,73641400,0.0,0.0
155.21853377224946,157.2707359778321,154.44893912645242,157.15234375,73938300,0.0,0.0
157.17210596561782,159.97416620924432,155.7020036632039,155.72174072265625,75701800,0.0,0.0
156.70838216666218,159.3920501505052,155.57373460560854,156.80703735351562,67622100,0.0,0.0
156.73795839634036,158.1981844310787,155.74145533462084,158.10939025878906,59196500,0.0,0.0
157.80355536791788,158.6224701978729,155.76119879412065,156.1657257080078,52390300,0.0,0.0
155.8598764210837,156.37293460313032,153.8964529365925,155.5441436767578,45992200,0.0,0.0
157.241143834068,158.8987103608656,157.22142183199622,158.62245178222656,51305700,0.0,0.0
159.3722779761809,160.29972384705454,159.11575648092384,160.19119262695312,49501700,0.0,0.0
160.270134648553,162.79593585053084,159.74721557415742,162.697265625,68749800,0.0,0.0
162.07570339841976,164.06870961825848,162.02636828199599,163.9503173828125,56976200,0.0,0.0
164.37458557847017,164.61137005549932,162.90448337873613,163.41754150390625,46278300,0.0,0.0
162.53941454235493,162.84527116493152,159.6386845457234,161.57249450683594,51511700,0.0,0.0
160.2602872813979,162.75650592852264,159.83603835658786,162.46051025390625,45390100,0.0,0.0
159.26374836927192,159.8656005859375,157.94165171461705,159.8656005859375,47716900,0.0,0.0
160.18136751588224,160.1912285181147,158.3659344224378,158.65206909179688,47644200,0.0,0.0
159.06644488688698,159.89522066020655,157.64567781550258,157.96141052246094,50133100,0.0,0.0
159.47096870837692,163.58526449148977,159.26376724154565,163.3484649658203,68445600,0.0,0.0
162.39141498863978,164.0983166124722,161.63171143290737,163.00314331054688,49386500,0.0,0.0
162.88477412221818,163.18076982399003,161.83893569026216,163.0229034423828,41516200,0.0,0.0
163.88125462301093,165.1737533320214,163.4372536454433,164.24630737304688,49923000,0.0,0.0
163.58526647837797,165.91374248336922,163.32872989204589,165.3908233642578,47720200,0.0,0.0
163.87138723669895,165.62760901810955,163.34846811386117,164.4239044189453,52456400,0.0,0.0
162.84527188495923,164.22656472043278,162.2927547507698,162.815673828125,58337300,0.0,0.0
162.79595779149312,163.387949114539,161.70078438233358,163.12155151367188,41949600,0.0,0.0
162.98342757965568,164.08846202710322,161.54292334211996,161.5823974609375,48714100,0.0,0.0
160.8818480921529,163.07219461797823,160.6253265824028,161.57249450683594,45498800,0.0,0.0
162.98341161052969,166.3083906842776,162.98341161052969,166.160400390625,64902300,0.0,0.0
166.23934534853646,167.58117930762924,165.63749302008387,167.41343688964844,55275900,0.0,0.0
167.0187740939811,168.17314354860417,166.387323749872,167.3246307373047,52472900,0.0,0.0
167.81796415576136,168.07450075678005,165.3020235951721,166.28866577148438,48425700,0.0,0.0
167.23584575291258,168.63687581044152,164.92710671677185,165.21322631835938,65136000,0.0,0.0
162.68740659727376,164.8086809772467,162.11515240317325,163.57537841796875,81235400,0.0,0.0
168.69609563055332,171.9717552811304,168.47903312093837,171.2515106201172,113453200,0.0,0.0
170.17603958076435,171.52774960942492,169.81098679048802,171.1824188232422,55962800,0.0,0.0
170.73844101187063,171.22188606967399,169.30781278853107,169.4755401611328,45326900,0.0,0.0
170.70882753380215,171.70533067690712,169.60377809797177,171.24160766601562,53724500,0.0,0.0
171.52771685234399,172.2578222934666,169.8701504721675,171.42904663085938,49514700,0.0,0.0
171.5377460938216,171.97247152405595,168.94917294661113,170.50035095214844,45533100,0.24,0.0
171.08328687103295,171.13269023363048,169.41355271544793,170.00636291503906,37266700,0.0,0.0
169.92732055004092,171.063522510836,169.7395968176441,170.00636291503906,42110300,0.0,0.0
169.65065404284252,170.8560084675657,168.37611683004315,170.618896484375,57951600,0.0,0.0
170.92517510124802,173.13831574371522,170.51021405749552,172.95059204101562,65496700,0.0,0.0
174.27452457823847,174.27452457823847,172.84191768629904,173.0592803955078,55809500,0.0,0.0
171.89341610998645,172.61467191708667,171.36977372037438,172.11077880859375,43570900,0.0,0.0
171.0535884962436,171.3005901477078,169.2257702450947,169.50241088867188,50747300,0.0,0.0
169.03806296692736,170.35211368921475,168.47490698639612,169.77906799316406,45143500,0.0,0.0
170.3422679275043,171.814388514026,169.63090177565675,170.91531372070312,56058300,0.0,0.0
171.24135456411133,173.6619683326656,171.03386649216068,173.32603454589844,54835000,0.0,0.0
174.83768056740178,176.84333305757605,174.45235853913644,175.17359924316406,55964400,0.0,0.0
175.20324889662425,177.19902686801004,174.64007778024913,175.12420654296875,99625300,0.0,0.0
175.5687945017499,177.95976900098933,174.8080250915144,177.9301300048828,68901800,0.0,0.0
178.8588580217184,179.59986307293,177.11008187963884,178.77981567382812,61996900,0.0,0.0
180.43969339813148,182.73186141970515,175.90473056039738,177.42626953125,121946500,0.0,0.0
177.81159450251565,177.95978950011875,175.30204865399,177.0607147216797,64848400,0.0,0.0
176.2999526387169,179.03673595726826,175.19338974130497,175.68739318847656,61944600,0.0,0.0
175.76644220337568,178.67118524398478,175.33173177978392,178.40443420410156,50214900,0.0,0.0
179.32325097528164,180.0444917855316,178.4636898031236,178.78973388671875,48900000,0.0,0.0
179.09600328256303,181.68457636718009,178.79959821677159,181.5857696533203,54274900,0.0,0.0
180.60763322554558,181.9414332653256,180.2519501997803,181.11151123046875,54929100,0.0,0.0
181.17080494588566,182.1785761189824,179.8370047903456,181.7438507080078,57462900,0.0,0.0
181.7537423543279,184.28303741690132,181.57589328622848,183.77914428710938,65433200,0.0,0.0
184.49051471623886,184.7474061455162,182.0600263098281,182.7022247314453,101256200,0.0,0.0
182.19834264439277,183.86807659469073,182.19834264439277,182.7911376953125,49799100,0.0,0.0
182.6824521359612,183.1863452547994,180.40015882951445,181.7537384033203,49515700,0.0,0.0
181.53636658960147,184.8066665365007,181.46719888037438,184.75726318359375,51245300,0.0,0.0
183.3247091477727,185.310597869378,182.79117690413537,184.44114685058594,53117000,0.0,0.0
184.58932295318664,185.79469252512132,183.00850595123646,183.04803466796875,48088700,0.0,0.0
183.66057729582204,186.13059421306954,183.44321460104132,185.80455017089844,50730800,0.0,0.0
185.67613974563,187.62251465229744,185.35011071729988,186.98031616210938,51216800,0.0,0.0
186.81232983886036,187.79046201011187,186.67400948819943,187.3162078857422,46347300,0.0,0.0
189.33175958026345,192.14757008838143,188.96618679019105,191.64369201660156,85213200,0.0,0.0
191.45597092726317,191.5547776450248,189.46019281962833,190.1518096923828,31458200,0.0,0.0
189.27248168829453,190.66555990536892,188.33386310926684,189.0353546142578,46920300,0.0,0.0
187.56320791106293,189.7170705815605,186.9308841600135,189.50958251953125,45094300,0.0,0.0
189.11439856972888,190.3592817984136,187.9584323411384,188.3931427001953,46815000,0.0,0.0
186.99020574364388,187.7114617327097,184.7968289230849,186.34800720214844,59922200,0.0,0.0
186.89140543504672,187.0297258103105,184.36210995834276,185.82435607910156,46638100,0.0,0.0
187.4051170053163,189.4008949030878,186.2096372553674,187.49404907226562,60750200,0.0,0.0
188.21527762484376,188.89700466458706,187.50391158996257,188.25479125976562,41342300,0.0,0.0
187.94855582890273,188.88715940601534,187.35576071083716,188.40304565429688,41616200,0.0,0.0
189.598506397075,191.9894962144421,189.5095893997432,191.6634521484375,50520200,0.0,0.0
191.0311380681889,191.9993805984401,190.1122838217696,191.4065704345703,48288200,0.0,0.0
190.78413334726974,195.8525983579603,190.3395181934612,192.76014709472656,80507300,0.0,0.0
192.7502360363635,194.1136901954007,190.19130213491889,190.81375122070312,59581200,0.0,0.0
191.77212935032986,192.63169045749675,188.93653953192955,189.63803100585938,71951700,0.0,0.0
191.09039681521514,192.57240699977407,189.94430532096735,190.4383087158203,45377800,0.0,0.0
191.01136672601527,192.10805493602857,190.60628029804008,191.29788208007812,37283200,0.0,0.0
191.34729559890386,193.2936704090035,191.00150222741644,192.16734313964844,47471900,0.0,0.0
193.66910156142774,194.83494237556206,190.24071668140024,190.90267944335938,47460200,0.0,0.0
192.3352927070371,194.27179277672036,191.8116502798051,193.48138427734375,48291400,0.0,0.0
193.70861105598286,194.13346181996275,192.91820259976402,194.09393310546875,38824100,0.0,0.0
193.8864413584275,194.37055499572895,192.93794828758732,193.2639923095703,35175100,0.0,0.0
192.70084355962268,192.83916391140565,189.54911446715442,190.27035522460938,50389300,0.0,0.0
189.2724853572926,190.06287880115997,188.40303447809214,188.8772735595703,61235200,0.0,0.0
183.295020485719,185.13271368389906,179.73819007769725,179.80735778808594,115956800,0.0,0.0
179.94567809387448,180.9336848652445,175.2230069327887,176.70501708984375,97576100,0.0,0.0
177.53496487660905,178.10801069610721,175.45026968400623,177.64364624023438,67823000,0.0,0.0
178.70079919463467,178.76007719518685,174.88709204262926,176.05294799804688,60378500,0.0,0.0
177.32744074056737,178.58221348809383,175.46999837048295,175.83555603027344,54686900,0.0,0.0
175.4299516016464,176.71608281179377,174.6681548123879,175.89492797851562,52036700,0.24,0.0
176.0730260741773,177.77469387045335,175.42005736478495,177.54714965820312,43675600,0.0,0.0
176.9732979956624,177.56689345440594,175.16280240901472,175.55853271484375,43622600,0.0,0.0
175.24195572610614,176.6369149003717,174.61866613802027,174.68792724609375,46964900,0.0,0.0
175.25185467548476,175.6179059949575,171.6308631878828,172.14532470703125,66062900,0.0,0.0
170.46345254957686,173.23361029129558,170.12708024206367,172.63011169433594,61172200,0.0,0.0
173.20391662712854,174.2526155537449,171.88809143364858,173.9656982421875,46311900,0.0,0.0
175.17272569654475,175.78611232307705,174.3713618531986,175.34091186523438,42038900,0.0,0.0
176.61716031274474,179.61486234805133,176.42918310654636,179.18943786621094,52722800,0.0,0.0
178.74423570753817,179.16966018527063,174.13390304899033,174.49996948242188,54945800,0.0,0.0
175.4893219988908,177.2404448053197,173.9459523611551,176.70620727539062,51449600,0.0,0.0
178.17040801110178,178.6650784859593,176.64682959084442,178.26934814453125,43820700,0.0,0.0
177.78458503986462,182.92915552039761,177.58671984756458,182.157470703125,53003900,0.0,0.0
182.96870544998342,185.84769104467406,182.77084029246882,185.64981079101562,60813900,0.0,0.0
185.8378136528603,187.10416895130786,185.48165028166278,185.86749267578125,60794500,0.0,0.0
187.47023078000296,187.89564016216337,186.27312153245367,187.4405517578125,45766500,0.0,0.0
186.27313129788112,187.9550080601447,185.6102746073009,187.67799377441406,45280000,0.0,0.0
186.39181412957188,186.83702959860793,179.5356891370561,180.96034240722656,81755800,0.0,0.0
173.31273740579792,176.31045432139675,171.69021887943939,175.66737365722656,112488800,0.0,0.0
176.44896296342043,178.31881673909905,175.89491935539235,176.28076171875,65551300,0.0,0.0
178.1506198206809,178.37816399656032,175.44970834431305,177.44818115234375,58953100,0.0,0.0
177.57680682896927,178.20998441272386,172.95658655286022,174.42080688476562,90370200,0.0,0.0
174.6285604188278,175.41014819975618,172.12552909799857,172.35308837890625,84267900,0.0,0.0
172.14534712441645,174.2229694212733,171.72982568427443,173.86680603027344,60895800,0.0,0.0
174.5989250090361,174.61871605930708,171.96728897662567,173.14459228515625,109259500,0.0,0.0
174.59887469750015,177.46797231412128,174.29218143934185,176.072998046875,67257600,0.0,0.0
175.62783421196144,177.71534451200176,175.24199179139225,177.16131591796875,51826900,0.0,0.0
177.34928142287384,177.78459392537832,173.53042414564908,173.61947631835938,58436200,0.0,0.0
172.68945140779596,174.4207979255845,172.00680379397062,172.0760498046875,63149100,0.0,0.0
172.80820955696336,175.19252525078977,172.19482290064929,172.9269256591797,56725400,0.0,0.0
172.3432048049037,175.08368369125543,172.29373473406022,174.2031707763672,46172700,0.0,0.0
172.9565908960506,173.33253018900052,169.83026989319274,170.1270751953125,64588900,0.0,0.0
170.78004737841366,171.19556880826096,167.24810767663843,168.61338806152344,66921800,0.0,0.0
167.53498917707262,170.19631868961176,165.83332157268651,168.87060546875,56294400,0.0,0.0
170.18641922443499,171.22523014825262,168.52431872709803,169.3850555419922,51861100,0.0,0.0
169.39496352748424,172.4421355524603,169.10804618991,171.8979949951172,52164500,0.0,0.0
170.42387079713225,171.77927819729268,168.99923247491208,170.5623779296875,49594600,0.0,0.0
169.26634637027362,172.3531005247124,169.14763028223018,171.8089599609375,53020300,0.0,0.0
171.93755168454948,173.57986123329636,170.83938266052527,173.04562377929688,48527900,0.0,0.0
171.94748866333921,176.09283034712797,171.33408690716874,175.59815979003906,57266700,0.0,0.0
174.925397135301,177.14152662960254,173.92616806085798,177.08216857910156,42390800,0.0,0.0
176.20165363527434,177.80438136546655,176.0532434145344,176.48855590820312,43698000,0.0,0.0
176.30057789253502,177.9329997364432,175.7069823006886,177.88352966308594,47551100,0.0,0.0
178.1506510638416,180.39644439001881,177.13161588848607,178.78382873535156,56743100,0.0,0.0
179.4862324115919,179.99079085887703,176.24119532002288,176.94363403320312,51427100,0.0,0.0
174.86602989056055,177.17119633941073,174.6285826048942,176.81503295898438,52517000,0.0,0.0
174.76709399132676,176.51823191229096,172.93682206936518,175.2617645263672,57549400,0.0,0.0
173.70847504574286,175.68715682310025,173.24348362037233,173.9656982421875,54764400,0.0,0.0
174.16358722416024,175.9444040866048,173.32265641144056,173.58978271484375,59302900,0.0,0.0
173.44136860989997,173.55019672394363,170.7998299466356,171.0372772216797,64244000,0.0,0.0
169.08828663709707,172.15523490983713,168.1187215150264,171.156005859375,55980100,0.0,0.0
171.20545097606092,171.81883752196748,169.6224994494151,171.59129333496094,43816600,0.0,0.0
170.04792986204652,171.21534495437086,168.83102960610762,169.2762451171875,57157000,0.0,0.0
168.55401686361284,169.55326090861308,163.90411730631092,165.11111450195312,70625300,0.0,0.0
165.13089150916355,167.1590433521086,165.05174242645685,166.4269256591797,58499100,0.0,0.0
167.21840145454993,169.34547832959018,167.0699912633637,168.474853515625,51131000,0.0,0.0
167.54490564738762,169.07837213199355,166.1103491096919,168.94976806640625,44846000,0.0,0.0
169.1772875334019,172.37285429322375,168.30666274339976,172.11563110351562,56934900,0.0,0.0
173.6491699285818,175.88507558379146,173.58981187255435,175.6773223876953,77334800,0.0,0.0
172.38277434389337,174.9352758328065,171.50226149314057,174.76707458496094,79829200,0.0,0.0
174.49996733550321,177.51744525540883,174.3317811800047,177.319580078125,63841300,0.0,0.0
177.27012882075113,180.4953904276926,177.06237564620827,179.8820037841797,70530000,0.0,0.0
180.40635996961416,181.4946261481432,179.6544510539658,180.9405975341797,49340300,0.0,0.0
181.00983881988668,182.1574629246798,179.87208759448916,180.4656982421875,53763500,0.0,0.0
182.24886906112522,184.82455079604722,181.81298306450438,184.6561279296875,66133400,0.24,0.0
184.0815522328342,184.28957909475855,182.4866141219331,183.0710906982422,43627500,0.0,0.0
185.94393292700153,186.3501007196846,184.55703694714765,185.68637084960938,60108400,0.0,0.0
186.09254599086609,187.72710311138576,186.0231936311185,186.25103759765625,53790500,0.0,0.0
187.79647578680803,189.173470968727,186.88506958999568,187.93516540527344,54412900,0.0,0.0
188.47008739636428,188.59887599886426,186.805812145748,187.9153289794922,50922700,0.0,0.0
188.11348674243894,190.11459289941732,188.10358573904105,189.6588897705078,46505100,0.0,0.0
189.61926104331656,189.72823253932046,187.9648865974642,188.85646057128906,38134500,0.0,0.0
189.69851123933077,191.12502655036587,189.0446822742513,189.5201873779297,39617700,0.0,0.0
189.08429242242372,189.11401054524026,187.47945332619432,188.19271850585938,24048300,0.0,0.0
188.14319291304204,188.886176253634,187.13273133734725,188.014404296875,40552600,0.0,0.0
188.0045033953615,189.29234420962146,187.62805366546104,188.6186981201172,38415400,0.0,0.0
189.11401237919708,190.29288164913223,187.2020759179661,187.59832763671875,43014200,0.0,0.0
188.06394110215783,188.53946132762457,186.42938378571617,188.17291259765625,48794400,0.0,0.0
188.54933098414946,189.7678192377602,187.45961621033018,189.45082092285156,45704800,0.0,0.0
188.20263336404662,188.2719857330804,185.69630404843608,187.65777587890625,43389500,0.0,0.0
188.43048297188668,192.58127042048946,188.40074973234698,191.61044311523438,66628400,0.0,0.0
192.63082982561934,192.9379272177151,190.31272520524868,190.52076721191406,41089700,0.0,0.0
191.8185027618749,193.1756809137271,191.77886851619465,192.4525146484375,47477700,0.0,0.0
192.38313041357762,194.15639227120218,191.8580901155405,193.87901306152344,53406400,0.0,0.0
191.30332816215127,191.6797778466323,189.62913681721145,191.37266540527344,60943700,0.0,0.0
191.27359645175778,192.8982524413057,189.9263196470572,192.8883514404297,52696900,0.0,0.0
193.26481149731427,196.1475903161728,193.02706651664724,196.10797119140625,70404200,0.0,0.0
196.16740691178524,197.75242887078264,194.32480773637585,196.25656127929688,66831600,0.0,0.0
195.6819844119138,196.54384019084355,195.15694409646994,195.72161865234375,128538400,0.0,0.0
194.25545312358386,194.79040955452615,192.5713606983871,194.0573272705078,55751900,0.0,0.0
194.32481746504553,195.1074199235508,194.0573392330858,195.09751892089844,40714100,0.0,0.0
195.05787394759355,195.8305753609382,193.0072479248047,193.0072479248047,52242800,0.0,0.0
194.26538628403978,195.23621363050395,191.6897046199928,192.85865783691406,46482500,0.0,0.0
193.35396213687642,193.58182122700063,191.164646529934,191.78875732421875,37149600,0.0,0.0
191.79865490672267,192.0760341178965,191.02595351616222,191.243896484375,28919300,0.0,0.0
190.68915794498034,191.6897034098951,189.3022466284661,191.3429718017578,48087700,0.0,0.0
192.32370988068791,192.8388492190412,191.36278357008254,191.76895141601562,34049900,0.0,0.0
192.08593771837442,192.58125990446206,189.9362412446781,190.728759765625,42672100,0.0,0.0
185.39909638597572,186.67703614744315,182.16960103197144,183.90322875976562,82488700,0.0,0.0
182.49652699212288,184.14100045386294,181.7139093893273,182.5262451171875,58414500,0.0,0.0
180.44589014802324,181.37709839926953,179.18778251294714,180.20814514160156,71983600,0.0,0.0
180.28738953880892,181.05017488447822,178.48440937769652,179.48495483398438,62379700,0.0,0.0
180.38642231817897,183.86359358874157,179.80194579166277,183.82395935058594,59144500,0.0,0.0
182.19931060924736,183.41779895114087,181.0204413910758,183.40789794921875,42841800,0.0,0.0
182.6253074687535,184.6561164657865,182.1993225017619,184.44808959960938,46792900,0.0,0.0
184.7947925921475,185.3000308909078,181.90211286972462,183.8536834716797,49128400,0.0,0.0
184.31927736691225,184.99292335610073,183.4574216568355,184.1805877685547,40477800,0.0,0.0
180.45576949057303,182.53611345296787,179.23726611684987,181.91201782226562,65603000,0.0,0.0
179.5741044525339,181.21856257523459,178.61317822966134,180.9709014892578,47317400,0.0,0.0
184.34900450558874,187.37047281337263,184.09144241490495,186.86524963378906,78005800,0.0,0.0
187.5587047602819,190.15418823308323,187.0534815615711,189.76783752441406,68903000,0.0,0.0
190.50089850612792,193.5025494721613,190.46126426985865,192.07601928710938,60133900,0.0,0.0
193.19548176740474,193.91864797179585,192.01661247228014,193.35397338867188,42355600,0.0,0.0
193.59173469903226,194.54276001272405,192.52183688964197,192.6803436279297,53631300,0.0,0.0
193.39358838897635,194.43376796447615,191.30332823639347,192.35340881347656,54822100,0.0,0.0
192.45249496932922,192.93790105900956,190.14429166563914,190.6197967529297,44594000,0.0,0.0
190.2136280052267,190.4018528619721,187.8063693410428,189.93624877929688,47145600,0.0,0.0
189.1536549714469,190.0056098088079,185.71611749758625,186.28077697753906,55859400,0.0,0.0
185.29013601531707,185.34958738130655,182.6253150741395,182.67483520507812,55467800,0.0,0.0
182.26867176596141,185.20097077595153,182.1002640289582,185.11181640625,64885400,0.0,0.0
178.17727218053545,185.57738580320574,177.57297859434578,184.11123657226562,102551700,0.0,0.0
186.3897373769733,187.47945226083425,184.10135123689923,185.92413330078125,69668800,0.0,0.0
185.1118168962398,187.53889270164484,185.02266252630227,187.52899169921875,43490800,0.0,0.0
188.85645841865113,189.26262627331204,186.8454513829838,187.63796997070312,53439000,0.0,0.0
187.6181328392653,187.76672344534998,185.59722501634783,186.5581512451172,40962000,0.0,0.0
187.12350563425738,188.4526743364777,186.47877125585202,187.3218994140625,45155200,0.24,0.0
186.89539390047275,187.14337102036012,185.27857823550397,185.6356658935547,41781900,0.0,0.0
184.26685928046126,184.70330147289806,182.02513622573113,183.54275512695312,56529500,0.0,0.0
183.8204888809099,184.02878118831165,180.96378758253468,182.65994262695312,54630500,0.0,0.0
182.06482521105013,182.99722170980874,179.88262933424807,182.372314453125,65434500,0.0,0.0
181.9358425720657,183.3542794985624,180.20000281806102,180.83482360839844,49752500,0.0,0.0
180.31904659124555,180.95386745060242,178.54353696650966,180.09091186523438,53665600,0.0,0.0
180.4678422502364,181.41015233649017,179.1982005294332,180.8447723388672,41371400,0.0,0.0
181.99536064224762,183.46339606563654,180.98362490692526,182.87815856933594,52292200,0.0,0.0
183.51299444569602,183.54275049121756,180.75548990166286,181.04315185546875,45119700,0.0,0.0
180.76540051034647,181.28118200444274,179.1882545795608,179.6941375732422,40867400,0.0,0.0
179.63464855081253,182.43182285515786,178.10710087323727,181.1522674560547,54318900,0.0,0.0
181.03323362922586,181.63829848228303,178.67250144683115,179.95205688476562,48953900,0.0,0.0
179.80327228471162,181.09275646398507,178.07734590919267,179.2874755859375,136682600,0.0,0.0
178.0971730296413,179.06923911535185,175.94473341504965,178.20628356933594,73563100,0.0,0.0
174.72470426417476,175.46863575857572,172.38379922304676,173.68321228027344,81510100,0.0,0.0
169.37827475690668,170.64791631173568,168.2474997741583,168.7434539794922,95132400,0.0,0.0
169.67586125903696,169.85441265484894,167.31511424596866,167.75155639648438,68587700,0.0,0.0
167.78133333619056,169.34855073763018,167.12668516420615,167.63255310058594,71765100,0.0,0.0
167.63254371875993,172.29451084245372,167.5730316278488,169.34854125976562,76267000,0.0,0.0
171.54068369235623,172.9690345645102,170.6578856026673,171.3522186279297,60139500,0.0,0.0
171.74892310441177,172.6218072873591,169.62623986114266,171.82827758789062,59825400,0.0,0.0
171.37204497358655,171.78864474969012,169.37829909505535,169.7453155517578,52488700,0.0,0.0
171.5109210667292,172.8995870640017,170.65787905831203,171.60018920898438,72913500,0.0,0.0
169.7849566919112,171.2232208251953,168.9120724685351,171.2232208251953,121752700,0.0,0.0
174.14936767646017,176.2720510790249,172.1159523987632,172.3143310546875,75604200,0.0,0.0
172.92933186407737,175.18096849600929,171.62993409357304,174.65525817871094,55215200,0.0,0.0
174.29817691484007,177.22430419921875,173.67326966604173,177.22430419921875,53423100,0.0,0.0
175.61741650508932,176.05385870042272,169.45765758517675,169.98336791992188,106181300,0.0,0.0
170.37020490965267,171.64977539848843,168.68396342338923,170.88600158691406,71160100,0.0,0.0
169.1898419011277,170.54875171721093,168.078894077347,169.4675750732422,54288300,0.0,0.0
168.62443878704727,170.0329469889122,168.20783904863555,168.3367919921875,57388400,0.0,0.0
169.03112531152695,172.19531573949365,168.7335497446837,171.90765380859375,60273300,0.0,0.0
170.36027251639132,170.83638432396197,169.13030061690222,170.0924530029297,65672700,0.0,0.0
169.80483820681948,169.86435030206175,168.1086678157934,168.6542205810547,46240500,0.0,0.0
167.71189467068976,167.96978543762384,166.86876637308836,167.4738311767578,49329500,0.0,0.0
167.42424073989756,169.29894733031932,167.2159484161416,168.27728271484375,47691700,0.0,0.0
168.91207088207483,170.52888638010077,167.4539794921875,167.4539794921875,53704400,0.0,0.0
168.217753601793,169.01128340394683,167.58293278713433,168.2078399658203,42104800,0.0,0.0
167.66228381393842,167.83090643391947,166.87868279928273,167.08697509765625,37425500,0.0,0.0
167.3349666518587,168.70380527202582,166.98780774616682,168.297119140625,42373800,0.0,0.0
167.43417533006158,167.72182216558926,165.75784736817235,166.42242431640625,49709300,0.0,0.0
166.97788797659143,174.04028741115994,166.79935169580833,173.62367248535156,91070300,0.0,0.0
172.8499808741194,176.9168120397123,172.80039755418966,175.1214599609375,101670900,0.0,0.0
173.94105717912421,175.200785081753,171.10419855705527,171.29266357421875,73531800,0.0,0.0
170.360294137519,172.35402488220237,166.9084566077323,168.0094757080078,73711200,0.0,0.0
168.2375828566437,169.2691609240719,166.64060974121094,166.64060974121094,50901200,0.0,0.0
166.67037984876308,167.27544462394533,165.20235954360626,165.68838500976562,43122900,0.0,0.0
164.86511767231858,165.05356757276493,162.7523477339115,163.66490173339844,68149400,0.0,0.0
164.18070504913473,165.9066162144586,163.43677364744048,164.49810791015625,48116400,0.0,0.0
164.01208389352126,165.69832539217154,163.58555534900174,165.54953002929688,49537800,0.0,0.0
165.19244539313124,167.93012271313196,164.86512888648411,167.6523895263672,48251800,0.0,0.0
168.1582778691846,169.22954106338867,166.78943904292515,168.51536560058594,50558300,0.0,0.0
168.50540819041237,169.95358601606148,167.81106018420974,167.9300994873047,44838400,0.0,0.0
171.96716217122307,174.60564226594082,171.69935778865286,172.0961151123047,68169400,0.0,0.0
171.92749229774822,173.5740639461448,168.62443536523762,168.95176696777344,65934800,0.0,0.0
168.20783263565716,171.31251085120192,167.74163446478235,167.9300994873047,50383100,0.0,0.0
171.11413192483198,172.0167723030629,169.50724497899176,171.6299285888672,94214900,0.0,0.0
185.13970898312533,185.48688300008854,181.1820038934194,181.89617919921875,163224100,0.0,0.0
180.87452115240256,182.70954279745968,178.9601298757301,180.2397003173828,78569700,0.0,0.0
181.965609726272,183.40387401178498,179.8528549315395,180.92410278320312,77305800,0.0,0.0
181.3704630721318,181.58868413827042,179.98178218440233,181.2613525390625,45057100,0.0,0.0
181.08280763590477,183.16582147443802,180.6364518520254,183.07655334472656,48983000,0.0,0.0
183.6526350835399,183.84135574437508,180.9013327671207,181.81512451171875,50759500,0.25,0.0
184.18898588060125,185.83779081511702,183.3745104951717,185.0233154296875,72044800,0.0,0.0
186.24503525163803,187.029714327999,185.0332642686859,186.1655731201172,52393600,0.0,0.0
186.64235255391958,189.3638586651008,186.1059869360216,188.4401397705078,70400000,0.0,0.0
189.1850657006259,189.81082048816586,188.3805324914181,188.55931091308594,52845200,0.0,0.0
188.23153932133224,189.52277241007562,187.90376371878457,188.589111328125,41282900,0.0,0.0
188.05276500067424,190.6252889956646,187.73491647398643,189.751220703125,44361300,0.0,0.0
189.80087387660714,191.42980957851574,189.6320225414164,191.05238342285156,42309400,0.0,0.0
190.97293553544338,191.51922822288097,188.9864276944718,189.61216735839844,34648500,0.0,0.0
189.6916095055364,189.71147882549133,185.3709645001415,185.61927795410156,51005900,0.0,0.0
187.54620129756856,189.2943226367172,186.771449342652,188.6983642578125,36327000,0.0,0.0
190.21803261577213,191.69798625592665,187.82430244055638,188.7082977294922,52280100,0.0,0.0
188.3308964172237,190.9530864388099,188.23156495231328,189.0063018798828,53068000,0.0,0.0
189.47310363654154,190.88352231957748,189.34399093884022,189.99952697753906,49889100,0.0,0.0
190.14851552916033,191.2708972062775,188.62883838261533,190.9530487060547,75158300,0.0,0.0
191.5986571441052,193.67456916074488,191.22123099586668,192.72103881835938,50080500,0.0,0.0
193.3269163239317,194.0023367795345,191.7277771220464,193.03887939453125,47471400,0.0,0.0
194.08179923154876,195.5716800296083,193.55537589536917,194.5486297607422,54156800,0.0,0.0
194.36985841579607,195.17439165110096,192.86010824182844,193.1680145263672,41181800,0.0,0.0
193.33685821193552,195.6114180436154,192.83030419832767,195.56175231933594,53103900,0.0,0.0
195.57168290202756,195.96899354752293,190.8537269722117,191.8171844482422,97010200,0.0,0.0
192.34360572370616,205.762475197422,192.32375155853347,205.75253295898438,172373300,0.0,0.0
205.97105482418652,218.7145040828182,205.50422428227435,211.6326141357422,198134300,0.0,0.0
213.29133517221976,215.28776993558532,210.17251871917932,212.79470825195312,97862700,0.0,0.0
212.40735976944958,213.71844708080008,209.87455920751867,211.05653381347656,70122700,0.0,0.0
211.93057220447776,217.47293058672338,211.28496325493592,215.20831298828125,93728300,0.0,0.0
216.12210108008887,217.15509356895643,211.56306955662498,212.8443603515625,79943300,0.0,0.0
212.48678595825902,212.79470737847507,207.44106980621038,208.2654571533203,86172500,0.0,0.0
208.97067049292605,210.4605512222798,205.71279917720716,206.09024047851562,241805100,0.0,0.0
206.3186903055129,211.2650902197957,205.1963086085621,206.73585510253906,80727000,0.0,0.0
207.73905391104032,209.95402109263304,207.20270345608853,207.65960693359375,55549700,0.0,0.0
210.07319184959564,213.41052543273105,209.21899292189278,211.81138610839844,66213200,0.0,0.0
213.2416710401095,214.28459061162127,210.91746067332394,212.65565490722656,49772700,0.0,0.0
214.31437813701,214.61235731022026,208.88127860134253,209.19911193847656,82542700,0.0,0.0
210.65919906394006,216.04263295008636,210.49034773322808,215.2877655029297,60402900,0.0,0.0
214.69182595520752,218.89330089441245,213.6489214774443,218.78404235839844,58046200,0.0,0.0
218.51584293427166,220.05538940429688,217.55238550522975,220.05538940429688,37369800,0.0,0.0
220.1547017635972,224.92232310094593,220.1547017635972,224.8130645751953,60412400,0.0,0.0
225.55802531049062,226.31290797690275,221.7439339584199,226.28311157226562,59085900,0.0,0.0
226.39235814584333,227.85244261706796,224.84288445944628,227.13729858398438,48076100,0.0,0.0
227.75312751683794,231.50762613234983,227.70346178953022,231.40829467773438,62627700,0.0,0.0
229.82901193417422,230.82226580227746,224.2469300453064,226.0347900390625,64710600,0.0,0.0
227.37567478656334,231.07058040656065,227.13728840093884,228.9847412109375,53046500,0.0,0.0
234.88466488344312,235.6296052667538,231.51753495711284,232.81869506835938,62631300,0.0,0.0
233.41467931591345,234.67611608181264,230.76269307600518,233.23590087890625,43234300,0.0,0.0
227.90209958898402,229.8985495862513,225.11105861290636,227.33595275878906,57345900,0.0,0.0
228.7265030667722,228.88542732552744,220.7705449165008,222.6676483154297,66034600,0.0,0.0
223.30333735062962,225.2699757257536,221.7737179376491,222.79676818847656,49151500,0.0,0.0
225.47857008869346,226.24337986146955,221.58501648633228,222.44915771484375,48201800,0.0,0.0
222.8563682936816,225.40903804109774,221.17776681088287,223.49205017089844,39960300,0.0,0.0
222.48887740092556,223.2834835656707,215.66522784122517,217.06570434570312,61777600,0.0,0.0
217.45306951901438,219.36013034825794,213.17214762576046,216.02279663085938,51391200,0.0,0.0
217.22463751115632,218.00931662499272,214.55278194008886,216.48963928222656,41601300,0.0,0.0
215.49636696784094,217.82057739339885,214.2945231128628,216.76773071289062,36311800,0.0,0.0
217.71131248471113,218.84362126060284,214.66201590891492,217.32394409179688,41643800,0.0,0.0
219.94613576688096,222.31008478832948,219.14160257039833,220.58181762695312,50036300,0.0,0.0
222.85636745689294,222.96562598955987,215.5559605569344,216.8869171142578,62501000,0.0,0.0
217.6715836076827,224.0780833133434,216.24131073912352,218.37680053710938,105568600,0.0,0.0
197.74691336614487,212.0597055615941,194.6777624827749,207.85824584960938,119548600,0.0,0.0
203.91504310362458,208.57340664857958,199.7135830535153,205.83201599121094,69660500,0.0,0.0
205.50424133074915,212.19877857723526,204.99768725969102,208.40455627441406,63516400,0.0,0.0
211.67233918968967,212.7549823030523,207.42121371107248,211.87098693847656,47161100,0.0,0.0
210.66916408754707,215.31758519349225,210.5400362270979,214.78123474121094,42201600,0.0,0.0
214.86078610016068,218.28152162650582,214.39341520959198,216.31260681152344,38028100,0.25,0.0
217.7843155173404,220.64820259017597,217.7843155173404,220.03167724609375,44155300,0.0,0.0
219.33559848009435,221.7818227179272,218.4704570730026,220.47915649414062,41960600,0.0,0.0
223.3430482530648,224.08885093177264,221.51333414952188,223.46237182617188,46414000,0.0,0.0
222.66684293368954,225.56056092969672,222.39834972442236,224.78492736816406,44340200,0.0,0.0
224.45679243420122,224.72528566746527,221.79178276984416,224.62583923339844,40687800,0.0,0.0
224.50649118022673,225.89865006504533,224.18827476461456,225.24234008789062,30299000,0.0,0.0
225.25228856886343,226.70410920432383,223.7905141872767,225.13294982910156,34765500,0.0,0.0
226.51518775043243,227.06211276120644,222.6469583809866,223.2734375,43695300,0.0,0.0
224.39712188969804,226.9427926991927,223.07456326985692,225.5705108642578,38677300,0.0,0.0
225.490936936756,226.00803101617393,222.6370036872603,225.90858459472656,30602200,0.0,0.0
224.73520717839608,227.5692634267734,223.63141860700006,226.75384521484375,35934600,0.0,0.0
226.64446298605537,228.57360836626125,224.41699349604747,225.22247314453125,38052200,0.0,0.0
228.8122756660522,231.61648594304322,227.5991020536236,228.50399780273438,51906300,0.0,0.0
228.9017723040151,229.1105885676507,226.20693181059323,227.7184295654297,52990800,0.0,0.0
227.27093626472063,227.71841483123856,219.9322331496077,221.52328491210938,50190600,0.0,0.0
220.41949337418052,220.53881694406624,216.2628786668988,219.61402893066406,43840200,0.0,0.0
220.3896496553389,224.2180939758369,220.28026466484505,221.1354522705078,36615400,0.0,0.0
222.69668624975694,223.97947540850993,218.5400864277892,219.58421325683594,48423000,0.0,0.0
219.58421337102425,220.03169196273555,215.49721390972365,219.6737060546875,67180000,0.0,0.0
217.69481595725216,220.24048653111632,215.5170698289156,218.87815856933594,51591000,0.0,0.0
220.22062862304543,221.84149617822106,216.6706004766808,221.41390991210938,44587100,0.0,0.0
221.25479170284098,222.29891847364556,218.5897974500539,221.52328491210938,37455600,0.0,0.0
222.32874892129448,222.78616606005667,220.66809680320824,221.25479125976562,36766600,0.0,0.0
215.32814508742544,216.00434741371936,212.72281255665072,215.10939025878906,59357400,0.0,0.0
214.54256344637628,215.6861214463737,213.2995590231644,215.5767364501953,45519300,0.0,0.0
216.3324839032867,221.46360959170417,216.32253015734062,219.4549102783203,59894900,0.0,0.0
223.7308662842885,228.53383738270648,223.37288038958053,227.58914184570312,66781300,0.0,0.0
228.68298057338347,231.78551472560144,226.34612621296694,226.92288208007812,318679900,0.0,0.0
226.06770192621624,228.16589404695566,224.54626569168985,225.20257568359375,54146000,0.0,0.0
227.37036953161189,228.06646416724695,224.4667129366972,226.0975341796875,43556100,0.0,0.0
223.67116024502704,226.01795298892395,222.76626463924825,225.1031036376953,42308700,0.0,0.0
226.02791885863684,227.2212000254045,224.1484968482946,226.24668884277344,36636700,0.0,0.0
227.18143093581907,228.2354962210898,226.02791923090672,226.51516723632812,34026000,0.0,0.0
228.75258844686658,231.69602966308594,228.3647716650959,231.69602966308594,54541900,0.0,0.0
228.23551952322458,228.364781673884,222.48786790384585,224.9440460205078,63285000,0.0,0.0
224.62581519597003,226.09752818761766,221.771881889721,225.51083374023438,32880600,0.0,0.0
223.88001079844628,225.5406628776434,222.0702042586661,224.40704345703125,34044200,0.0,0.0
226.6245660168141,226.72401244250622,222.87567550784985,225.53073120117188,37245100,0.0,0.0
223.24358165878294,224.42692422983964,220.09132444235917,220.44931030273438,39505400,0.0,0.0
223.0447106099303,224.7153012256155,222.0005838884303,224.50648498535156,31855700,0.0,0.0
223.96952441146985,228.4642330490597,223.57176903047048,228.25540161132812,33591100,0.0,0.0
226.50525089558744,228.21562630222516,225.89866409237993,227.75819396972656,28183500,0.0,0.0
228.01675665509578,228.1261416619367,226.06771885321956,226.27655029296875,31759200,0.0,0.0
227.42008369962844,230.43312517401645,227.32065245091678,230.0055389404297,39882100,0.0,0.0
232.30261271123658,236.16090332060597,231.0695468532438,232.54127502441406,64751400,0.0,0.0
230.30386376880503,230.8209426799016,228.55370384388218,230.48284912109375,34082200,0.0,0.0
232.12361966628396,232.5412825211578,229.22991678936268,230.8507843017578,32993800,0.0,0.0
234.85820325949092,234.85820325949092,232.70034955960324,233.684814453125,46431500,0.0,0.0
233.13790198735873,235.52447953691794,233.13790198735873,235.1565399169922,36254500,0.0,0.0
232.5810627118631,234.89802497361626,231.29828871484364,234.5400390625,38846600,0.0,0.0
232.76997861721128,233.8240439244486,226.48534106504323,229.4685516357422,52287000,0.0,0.0
228.69293816499177,229.52824872985036,227.13173238618916,229.27964782714844,31109500,0.0,0.0
228.45427709115,231.91479719738325,228.28523030841902,230.11492919921875,38802300,0.0,0.0
232.0142568404043,233.4163543943246,231.24856181455635,232.0937957763672,36087100,0.0,0.0
231.7954872619061,233.01859945208068,231.01985366097637,232.36228942871094,35417200,0.0,0.0
231.30820323038637,232.1633908639167,228.26533088908346,228.812255859375,47070900,0.0,0.0
228.05651850818114,228.54378173572667,224.10873499320775,224.64572143554688,64370100,0.0,0.0
219.73336072670745,224.08885327131992,219.03728125399175,221.66250610351562,65276700,0.0,0.0
219.7532516264011,221.5431659237015,218.48041626355018,220.7675323486328,44944500,0.0,0.0
220.558703156551,222.69666464924057,219.90239319356397,222.199462890625,28111300,0.0,0.0
221.36418677402693,224.80482991830564,219.95213547791562,221.47357177734375,54561100,0.0,0.0
223.37288331058951,226.6046949785728,223.31322152292373,226.20692443847656,42137700,0.0,0.0
226.1471868576639,227.63048374280507,225.39061415381417,225.93814086914062,38328800,0.25,0.0
223.98695058099833,224.6837958336773,220.5027091275161,223.2204132080078,42005600,0.0,0.0
223.53897971785378,224.57429049467865,222.35433519325588,223.2204132080078,40398300,0.0,0.0
223.00141185159572,225.62952490733255,221.75703985190805,224.10641479492188,48566200,0.0,0.0
224.00686988588794,227.83952645793332,223.98695568104733,227.1924591064453,44923900,0.0,0.0
225.38065961406878,225.89832264008,223.26025997018442,223.98696899414062,47923700,0.0,0.0
224.2358449505769,228.70563485331775,224.15620331601912,226.99337768554688,44633700,0.0,0.0
225.9580321395358,229.12372228231885,225.63948081886542,227.25218200683594,36211800,0.0,0.0
227.0331781982001,228.89475383274825,224.8729502483013,227.9689483642578,35169600,0.0,0.0
227.8494991340082,229.1237348668511,224.69377351516385,227.49111938476562,42108300,0.0,0.0
227.03318893672346,229.6812162999479,227.03318893672346,228.8350372314453,38168300,0.0,0.0
230.41787789282506,232.19981188776785,228.70562083004268,231.82151794433594,90152800,0.0,0.0
232.2794717613211,234.50939199708804,232.2794717613211,234.00167846679688,45986200,0.0,0.0
233.41431778082386,234.6288260383393,232.75728573526553,233.8722381591797,33498400,0.0,0.0
233.75278591990275,236.73927868022366,232.91657159263394,236.26144409179688,28481400,0.0,0.0
236.2017296160342,239.70587037671794,236.0922242678823,238.5112762451172,48137100,0.0,0.0
238.73027039850206,241.66698519896212,237.82436396202866,241.55747985839844,38861000,0.0,0.0
241.77649398259703,243.01091645834052,240.16379275322726,241.91586303710938,44383900,0.0,0.0
242.8914746561807,243.43898620611924,241.03984843814553,241.94573974609375,40033900,0.0,0.0
241.81631992920728,243.52857697582414,240.99005511798387,241.7466278076172,36870600,0.0,0.0
240.74119161135067,246.12683738886614,240.6615499788263,245.6390380859375,44649200,0.0,0.0
245.7783914922151,247.09245556004478,244.23536723926503,246.65443420410156,36914800,0.0,0.0
246.84360125039836,249.67081089954078,245.15124311202538,245.38021850585938,45205800,0.0,0.0
245.77839247075497,247.62006903646127,244.57383373711528,246.8435821533203,32777500,0.0,0.0
246.70423080565516,248.16759835190283,245.13134272203925,247.01283264160156,33155300,0.0,0.0
246.8734732550572,250.24820975700106,246.53499250196242,249.90972900390625,51694800,0.0,0.0
248.95404406138837,252.68716009783537,248.655391740455,252.33872985839844,51356400,0.0,0.0
251.02469300208548,253.135143175504,246.62459517802284,246.93319702148438,56774100,0.0,0.0
246.3856613682502,250.86540066585474,245.97750369773615,248.66534423828125,60882300,0.0,0.0
246.92320588947405,253.8518755287198,244.58379575845774,253.34417724609375,147495300,0.0,0.0
253.62291772369178,254.49894524760987,252.30885365268378,254.12066650390625,40858800,0.0,0.0
254.3397007808045,257.04744042152294,254.14058909817473,257.0375061035156,23234700,0.0,0.0
257.0275101814573,258.9289141129315,256.47003399402934,257.853759765625,27237100,0.0,0.0
256.66912911312295,257.53523753189216,251.92061656694878,254.43922424316406,42355300,0.0,0.0
251.09434735441482,252.35863351915538,249.6210152068174,251.06448364257812,35557500,0.0,0.0
251.30342042234355,252.1396347735265,248.30696287880588,249.29251098632812,39480700,0.0,0.0
247.80922035937212,247.97846832553566,240.73124671787497,242.75210571289062,55740700,0.0,0.0
242.26429748535156,243.08059762167903,240.80091479245596,242.26429748535156,40244100,0.0,0.0
243.2100158477468,246.21642284830082,242.10501290585998,243.89691162109375,45045600,0.0,0.0
241.88599852058522,244.44443460073458,240.263347789176,241.11947631835938,40856000,0.0,0.0
240.83076714912374,242.61271628247306,238.96919157849698,241.6072540283203,37628900,0.0,0.0
238.9293760168756,239.0787097724967,231.95094323601768,235.7836151123047,61710900,0.0,0.0
232.47855694506205,233.61342361918983,228.68571346021633,233.34463500976562,49630700,0.0,0.0
233.69307331230715,235.05690023183175,231.42333988575893,232.2296905517578,39435300,0.0,0.0
233.5835582088168,237.88411516800545,233.3744970274307,236.79901123046875,39832000,0.0,0.0
236.2813854529523,236.93840239126823,227.00333958663936,227.2322998046875,71759100,0.0,0.0
231.0748831620974,231.2441159203825,227.45127273918456,228.94451904296875,68488300,0.0,0.0
222.99146586562136,223.40957304130882,218.39227174297113,221.63758850097656,98070400,0.0,0.0
218.80041619812283,223.1109227348787,218.80041619812283,222.82223510742188,64126500,0.0,0.0
223.72813912330528,226.00782197454978,221.29912251598503,222.6529998779297,60234800,0.0,0.0
223.76794215782238,224.614121166801,220.4131202139208,221.77694702148438,54697900,0.0,0.0
223.01137104866308,231.10475600574816,222.9715426392062,228.8250732421875,94863400,0.0,0.0
229.81063008981926,239.1085741517517,229.77080167884077,237.187255859375,75707600,0.0,0.0
233.06589003597526,238.78005164957875,232.9563846938824,238.2823028564453,45486100,0.0,0.0
237.59540286874542,239.70585285329432,236.14198492507634,236.520263671875,55658300,0.0,0.0
246.0770438113447,246.0770438113447,232.38895238779278,234.9374237060547,100959800,0.0,0.0
228.95449458875606,230.78620649590428,224.6838014511222,226.9833984375,73063300,0.0,0.0
226.2268166528706,232.08034706669682,225.62951205101965,231.7518310546875,45067300,0.0,0.0
227.50106167329415,231.62242106375825,227.24223776986636,231.42332458496094,39620300,0.0,0.0
230.24863411824003,232.74734282564026,229.39250557129796,232.16995239257812,29925300,0.0,0.0
231.55275755143822,232.946448173879,226.236788599926,226.60513305664062,39707200,0.0,0.0
228.7876615470872,229.80417456619486,226.42572786906877,226.8741912841797,33115600,0.25,0.0
227.42233485023965,234.42837673351212,227.3525813044295,231.8272705078125,53718400,0.0,0.0
230.41209906543347,236.15247950770552,229.89386689621963,236.06277465820312,45243300,0.0,0.0
236.10262821821914,241.5141157963719,234.76719850951847,240.70687866210938,53614100,0.0,0.0
240.427874198087,244.71322380546283,240.16876569412125,243.76646423339844,40896200,0.0,0.0
243.31796980618805,244.34445851454996,241.01584434943877,243.6368865966797,48822500,0.0,0.0
243.8262161273519,245.17160627919233,242.3313280430039,244.03549194335938,32204200,0.0,0.0
244.1052669318995,245.9389927126525,243.45747295470235,244.9922332763672,32316900,0.0,0.0
245.11182656230832,247.84249441981407,244.38431857946645,244.71319580078125,53197400,0.0,0.0
244.0953010258401,248.01191597096326,243.58704451830639,246.25791931152344,51326400,0.0,0.0
247.15485528022737,249.14803959700342,244.0753891604379,246.1981201171875,48013300,0.0,0.0
243.49736566903925,244.14514449402503,238.3150894487839,239.5408935546875,44433600,0.0,0.0
238.5941277716784,241.6337368385667,236.25213016109495,236.49131774902344,41153600,0.0,0.0
236.14250368420718,241.26498665715278,229.41550676334808,241.01583862304688,56833400,0.0,0.0
240.96600727263495,243.1983791446907,235.30537120652147,237.2188262939453,47184000,0.0,0.0
236.89992456399492,239.25188262538288,233.88023638606123,235.1259765625,53798100,0.0,0.0
234.61771347352882,235.7438674276595,228.44880585950324,234.93663024902344,47227600,0.0,0.0
233.64107919926062,237.0494227188423,232.36544239217005,234.52804565429688,45170400,0.0,0.0
234.30878315837532,240.54744460053885,233.95996981993864,238.2552947998047,46273600,0.0,0.0
234.73730306532093,235.35520052510583,223.45588808739058,226.70477294921875,72071200,0.0,0.0
223.0472976504486,225.07037859810526,216.70897065581676,220.08741760253906,76137400,0.0,0.0
219.38980505207962,220.99431909322652,214.17763213362198,216.24057006835938,62547500,0.0,0.0
215.21406028960521,216.10102664759694,207.70972301630272,208.96542358398438,61368300,0.0,0.0
210.53009451028822,213.22089031000854,208.86578742228792,212.76246643066406,60107600,0.0,0.0
212.58307041465437,214.48656508270392,209.25445626243933,213.27072143554688,48073400,0.0,0.0
213.43018643369246,214.4168029665515,210.76928711901598,211.96519470214844,42432400,0.0,0.0
213.4899719913265,218.01449366985423,213.02157246340184,214.50650024414062,54385400,0.0,0.0
213.2607508466693,216.74882322763474,211.4967785561088,213.37037658691406,48862900,0.0,0.0
210.8390437188948,218.09423372936246,210.55999911901452,217.52618408203125,94127800,0.0,0.0
220.24686734420678,220.7252273230714,217.83511614199446,219.977783203125,44299500,0.0,0.0
220.0176475207108,223.3363011191594,219.32999652191663,222.98748779296875,34493600,0.0,0.0
222.7483031053444,224.25316696482244,219.71866969932233,220.77505493164062,34466100,0.0,0.0
220.63554992146092,224.22328797900445,219.8083765580053,223.08717346191406,37094800,0.0,0.0
220.91456609374504,223.04727255158852,216.93815819229235,217.15740966796875,39818600,0.0,0.0
216.27045427307317,224.8511131847691,215.49311362240712,221.37301635742188,65299300,0.0,0.0
219.06091135294477,222.91771798921508,218.15400887457568,222.4293975830078,36412700,0.0,0.0
220.56578026164416,224.4225869866718,220.2667995775576,223.12701416015625,35905900,0.0,0.0
204.83954098981803,206.78290782089874,200.56416741637668,202.49755859375,103419000,0.0,0.0
193.2292544699453,199.19884701911502,186.70157274086588,187.738037109375,125910900,0.0,0.0
176.59612158290105,193.48835506739644,174.02491207450518,180.84161376953125,160466300,0.0,0.0
186.0637635998773,189.69135865616965,168.63337548243626,171.83242797851562,120859500,0.0,0.0
171.3640110222038,199.926344669284,171.30421792842867,198.17234802246094,184395900,0.0,0.0
188.42568213047016,194.11621470149436,182.37636057603893,189.7710723876953,121880000,0.0,0.0
185.46580802047046,198.85999394662434,185.42593581806156,197.4747314453125,87435900,0.0,0.0
210.7194495182335,212.2143377637297,200.47448329230923,201.82984924316406,101352900,0.0,0.0
201.1720815277121,202.81645240683693,199.11910423874315,201.4511260986328,51343900,0.0,0.0
197.68401406478426,200.01603598224625,191.71442177543545,193.6079559326172,59732400,0.0,0.0
196.5279673080365,198.15241736523095,193.75744237056688,196.3087158203125,52164700,0.0,0.0
192.61134997705832,193.13954254760668,189.16313478921086,192.50172424316406,46742500,0.0,0.0
195.45165216386687,200.9030125684292,195.3021694205859,199.059326171875,52976400,0.0,0.0
205.29796327240905,207.29114738184992,202.10887173866126,203.90274047851562,52929200,0.0,0.0
204.1917755069081,208.11835121294007,202.2484237558185,207.659912109375,47311000,0.0,0.0
205.66671618569228,209.0352025034097,205.49729734578435,208.56680297851562,38222300,0.0,0.0
209.2843516085664,210.77923983434187,206.7530142372406,209.4238739013672,38743100,0.0,0.0
207.978817902887,211.51672307140856,207.6599011161091,210.490234375,36827600,0.0,0.0
208.58674127234366,212.8521544830753,205.96569903614,211.7758331298828,52286500,0.0,0.0
208.3674918385056,213.82881264887993,208.18809734114114,212.59304809570312,57365700,0.0,0.0
205.38767599056177,206.28461806468735,201.4710760745947,204.65020751953125,101010600,0.0,0.0
202.40787903175757,203.4044712176219,197.5345438511527,198.21221923828125,69018500,0.0,0.0
197.5345306234426,199.96620262041338,196.34858356859348,197.83349609375,51216500,0.0,0.0
198.49125449640593,198.7603386318323,192.59143085844198,195.58120727539062,68536700,0.0,0.0
197.04619801698016,199.3682595147921,194.0165494128041,196.81698608398438,50478900,0.0,0.0
198.32183886048443,199.85658408831688,196.86680762308345,197.8534393310547,36453900,0.0,0.0
210.52675192915717,210.82612467262763,206.31561695740214,210.3471221923828,63775800,0.26,0.0
209.98788789546765,212.95164926547025,208.56089957562318,212.48263549804688,51909300,0.0,0.0
211.98369190366654,213.49052924285678,210.1375877621875,211.8839111328125,49325800,0.0,0.0
210.506803034962,212.51258988469863,209.0997617101353,211.00575256347656,45029500,0.0,0.0
211.9138418912236,212.12340739052024,209.3292870180407,210.81614685058594,54737900,0.0,0.0
207.47318710280226,209.0398806327114,203.83084657536088,208.3413543701172,46140500,0.0,0.0
207.23369558110693,208.03201787298204,204.5992426766309,206.42539978027344,42496600,0.0,0.0
204.7389515122616,206.6050179110669,200.2883301620853,201.66542053222656,59211800,0.0,0.0
200.28832240028711,202.32402973584547,199.28043462788855,200.93695068359375,46742400,0.0,0.0
193.2630967266574,197.28462846236872,193.05354646446796,194.8597412109375,78432900,0.0,0.0
197.88337691051132,200.31825293342968,197.01519441683536,199.78936767578125,56288500,0.0,0.0
200.16857290124128,202.3040763244224,199.48002009942556,199.99893188476562,45339700,0.0,0.0
203.15228556391767,203.38179807643976,198.09293019267844,199.5299072265625,51396800,0.0,0.0
198.95112277889336,201.53569281345096,196.36656797106642,200.4280242919922,70819900,0.0,0.0
199.85921507319503,201.70533435611304,199.69954757512772,201.27622985839844,35423300,0.0,0.0
200.92697696252267,203.34189080211323,200.53779694760377,202.8429412841797,46381600,0.0,0.0
202.4836823743862,205.80668775064265,201.67538665008354,202.3938751220703,43604000,0.0,0.0
203.07244608657666,204.3198198340372,199.72947835269025,200.20848083496094,55126100,0.0,0.0
202.57349663849442,205.26782088834017,201.62549563553227,203.49156188964844,46607700,0.0,0.0
203.96057412654167,205.56719211084615,199.59976040917107,201.02674865722656,72862600,0.0,0.0
200.17855851367187,203.92068000712237,200.14862275986277,202.24420166015625,54672600,0.0,0.0
203.0724503091444,204.07034932786254,197.99314795828434,198.36236572265625,60989900,0.0,0.0
198.66173587371065,199.26046614106752,196.94534836583952,198.78147888183594,43904600,0.0,0.0
199.3103695725812,199.9490243445518,195.2888376882346,196.03726196289062,51447300,0.0,0.0
196.8854859861783,198.27256505925683,196.1470352061455,198.0031280517578,43020700,0.0,0.0
196.78567812068002,197.97318035709665,194.79986887227625,195.2289581298828,38856200,0.0,0.0
195.52833742048526,197.15491770400297,194.66017014117494,196.1669921875,45394700,0.0,0.0
197.82351706190548,201.27623931614946,196.44641147314488,200.5777130126953,96813500,0.0,0.0
201.20637663769034,201.87496712850407,198.54198818263384,201.07664489746094,55814300,0.0,0.0
202.16436301176623,203.0125832870988,199.77938491343542,199.87918090820312,54064000,0.0,0.0
201.02675088646447,203.24208788881052,200.19849288768373,201.1365203857422,39525700,0.0,0.0
201.00680230384165,202.2142668779585,199.04095514509618,200.5777130126953,50799100,0.0,0.0
201.46584280819525,202.79305039965564,199.57981417332658,200.6575469970703,73188600,0.0,0.0
201.58557286233471,206.95427439094752,198.84135059390303,204.7389373779297,91912800,0.0,0.0
206.23578409144605,209.74839282792448,205.70689884063935,207.3833770751953,78788900,0.0,0.0
208.47108532398713,212.8917706186518,207.7026988246806,211.99366760253906,67941800,0.0,0.0
211.70426588787655,214.1990133776075,211.3649838836884,213.10133361816406,34955800,0.0,0.0
212.23315593085263,215.77570049162512,208.36131809352125,209.50889587402344,50229000,0.0,0.0
209.658593847986,210.98578616820197,208.01205130024096,209.5687713623047,42848900,0.0,0.0
209.0897778625777,210.8859991217609,206.78463359109693,210.69639587402344,48749400,0.0,0.0
210.06772774811225,213.03148920420767,209.58874045798783,211.9637451171875,44443600,0.0,0.0
210.12759762046792,211.68431760849728,209.41908263784933,210.7163543701172,39765800,0.0,0.0
209.48893166698292,210.46688365912564,207.10395364435493,208.1816864013672,38840100,0.0,0.0
208.7804390594974,211.44482767792792,208.48106630115817,208.67066955566406,42296300,0.0,0.0
209.85816533566302,211.9537441254909,208.20164932080104,209.7184600830078,47490500,0.0,0.0
210.12759810142074,211.3550095983717,209.14964612579556,209.57875061035156,48068100,0.0,0.0
210.42696659875526,211.34503189230253,209.25942654413325,210.73631286621094,48974600,0.0,0.0
211.65439331220318,215.32665448510335,211.18537954340883,212.03358459472656,51377400,0.0,0.0
212.69219192810166,214.49838667908332,211.78410018506472,213.9495391845703,46404100,0.0,0.0
214.54829351654996,214.69797228179937,211.9637386583707,213.7000732421875,46989300,0.0,0.0
213.45060308663847,215.23685093304425,213.08138530657155,213.31089782714844,46022600,0.0,0.0
214.24891808809048,214.7877920897316,212.95164630742312,213.43064880371094,40268800,0.0,0.0
213.5803337758995,214.39861831079742,212.61237047326716,213.6002960205078,37858000,0.0,0.0
213.73000061776605,214.3586818606333,210.37707459375494,210.8261260986328,51411700,0.0,0.0
211.454797150492,211.94377315400357,207.28358653790625,208.6107940673828,45512500,0.0,0.0
208.0519764228089,209.39913099136336,206.72476887181696,207.1339111328125,80698400,0.0,0.0
210.4269561886582,213.13126916468397,201.07664747870345,201.95480346679688,104434500,0.0,0.0
204.0803265791815,207.44325668811337,201.25627047720934,202.9227752685547,75109300,0.0,0.0
202.97265486934364,204.90858140720596,201.73526982787092,202.49366760253906,44155100,0.0,0.0
205.1979708684584,214.9274858636443,205.15804638253505,212.8019561767578,108483100,0.0,0.0
218.42014073215765,220.38600300495352,216.12496995802366,219.56771850585938,90224800,0.0,0.0
220.36603010589778,230.51466074526758,218.78934791515115,228.86813354492188,113854000,0.0,0.0
227.6992650180531,229.33767612130436,224.54232171734583,226.95997619628906,61806100,0.26,0.0
227.78917070894937,230.57647717809445,226.8500938879156,229.42758178710938,55626200,0.0,0.0
230.8462285986664,234.77241529044048,230.2068337695816,233.10403442382812,69878500,0.0,0.0
233.83332460758467,234.89229562265464,230.6264418350812,232.5545654296875,51916300,0.0,0.0
233.77337703316005,234.0531046408583,229.11788646444978,231.36570739746094,56038700,0.0,0.0
231.47561022214762,232.89423321308522,229.88715369469057,230.66639709472656,37476200,0.0,0.0
231.05601964615855,232.64447617946885,229.1278960385577,230.3367156982422,39402600,0.0,0.0
229.75726351111018,230.24679444121838,225.55134937034353,225.79110717773438,42263900,0.0,0.0
226.05087353353895,226.30063142153253,223.56327948127884,224.68218994140625,30621200,0.0,0.0
225.95095699429655,228.8681272027074,225.1916985271248,227.53941345214844,42477800,0.0,0.0
226.26065308481304,229.07792927219558,226.01089520624416,226.94000244140625,30983100,0.0,0.0
226.65028173376106,229.26775474756235,224.4724002828088,229.08792114257812,54575100,0.0,0.0
228.38860049855515,230.676376013076,228.03893336267103,230.26678466796875,31259500,0.0,0.0
230.59647266873003,233.18396075811214,229.11789497993007,232.33477783203125,38074700,0.0,0.0
232.28481317583598,233.15398096397084,231.145917853049,231.91517639160156,39418400,0.0,0.0
229.02798202980685,230.62643860177437,226.75019132336067,229.49752807617188,44075600,0.0,0.0
236.98028515930878,238.6186963224971,234.133039090421,238.2390594482422,66427800,0.0,0.0
238.21906152531412,239.66765417218173,236.51072617258424,239.5477752685547,47549400,0.0,0.0
239.76756781945676,241.08629675958926,238.25903569310344,239.45787048339844,54870400,0.0,0.0
239.06825064349684,239.91741830634814,236.11111057683257,237.64962768554688,48999500,0.0,0.0
236.77047435136637,238.5487492683241,233.13400016518182,234.123046875,66313900,0.0,0.0
231.96513778704139,232.19491077497392,225.73117543382176,226.5703582763672,83440800,0.0,0.0
226.66027725307507,230.22681187017153,226.43048902665416,229.80722045898438,50208600,0.0,0.0
228.9980136278554,234.28288383192944,228.79821036620638,233.84332275390625,55824200,0.0,0.0
236.77047667310174,237.95932665324483,234.80238330570734,236.47076416015625,42699500,0.0,0.0
236.9502954777413,240.98639147239973,236.09114297984144,237.9193572998047,63421100,0.0,0.0
238.73857528095925,239.86748583209587,237.4997706474641,238.75856018066406,46508000,0.0,0.0
239.737599946219,240.9664044724694,236.4208079152849,237.64962768554688,44249600,0.0,0.0
240.99636870073516,246.06146581163878,239.9773675285625,245.26223754882812,163741300,0.0,0.0
248.05953649140056,256.3914711896616,247.8797028858207,255.8319854736328,105517400,0.0,0.0
255.63220171436936,257.0907792625319,253.33442606621003,254.18359375,60275200,0.0,0.0
254.9728287261993,255.4923293909784,250.79686899703333,252.06564331054688,42303700,0.0,0.0
252.96477212582877,256.9209435623003,251.466224879955,256.6212158203125,55202100,0.0,0.0
253.8539172209246,257.3505275669758,253.5342198150173,255.2126007080078,46076300,0.0,0.0
254.31347273152574,254.75304905914027,252.76497075706976,254.18359375,40127700,0.0,0.0
254.61318058017173,255.67215158054225,252.8648753735947,254.38340759277344,37704300,0.0,0.0
254.7929996074261,258.53938316103813,254.6831055272507,255.20260620117188,48713900,0.0,0.0
256.33149581258533,257.9299523535748,253.9038565188199,256.8809814453125,42630200,0.0,0.0
254.42336451804394,258.9889308017334,253.70406057825727,257.7701110839844,49155600,0.0,0.0
257.7401350456914,258.819106172963,254.80299514816292,256.44140625,44664100,0.0,0.0
256.56129542181253,257.15072039039774,255.18262697514498,256.23162841796875,31955800,0.0,0.0
256.2715719294531,258.2696351050741,255.8619653198879,257.8100891113281,36496900,0.0,0.0
257.5603136690899,257.75013209688524,252.8948383011137,253.79396057128906,38322000,0.0,0.0
254.69310389004832,256.13171175032437,243.76369637579657,245.032470703125,61999100,0.0,0.0
249.13848619669534,249.44818352992385,245.32217845998096,247.42015075683594,38142900,0.0,0.0
246.36117950382103,248.60900042906025,244.46301046499008,247.53004455566406,35478000,0.0,0.0
249.24838988167792,251.5761352503302,247.2303418581919,249.09852600097656,33893600,0.0,0.0
248.00958596667436,248.79881419551728,244.8926123625184,247.21035766601562,39777000,0.0,0.0
247.77980070207627,253.13461023404025,247.03052706557392,252.045654296875,49147000,0.0,0.0
255.64218177653177,264.1239650925819,255.3824390623343,261.98602294921875,90483000,0.0,0.0
261.6263807259345,265.03308188579996,261.5764108568555,262.5155029296875,46695900,0.0,0.0
262.3956210979312,262.5954395959732,255.18261234613632,258.19970703125,45015300,0.0,0.0
259.68824995662277,260.36758405794774,257.76012648314656,259.3285827636719,32754900,0.0,0.0
260.93706434715574,263.87421967110856,258.9290010880386,262.56549072265625,38253700,0.0,0.0
264.6234656652487,268.8593494221352,264.3936774471076,268.5496520996094,44888200,0.0,0.0
268.7294713644567,269.6286240979669,267.8902885694659,268.7394714355469,41534800,0.0,0.0
269.01920560410514,271.1471476128123,266.85129379808274,269.4388122558594,51086700,0.0,0.0
271.72657092903916,273.87451306817263,268.2199910571769,271.13714599609375,69886500,0.0,0.0
276.721738255342,277.05143573891627,268.89933466249033,270.108154296875,86167100,0.0,0.0
270.15812755648943,270.5877038096653,265.9921525413924,268.7894287109375,50194600,0.0,0.0
268.0701070960229,271.22705027239556,267.36080327265466,269.7784729003906,49274800,0.0,0.0
268.3498399683747,271.43687417180433,266.67147434431234,269.8783874511719,43683100,0.0,0.0
267.6305743388968,273.1352174017799,267.6305743388968,269.50872802734375,51204000,0.0,0.0
269.5386899523433,272.02629915101613,266.51162568814635,268.2099914550781,48227400,0.0,0.0
268.9599914550781,273.7300109863281,267.4599914550781,269.42999267578125,41312400,0.26,0.0
269.80999755859375,275.9100036621094,269.79998779296875,275.25,46208300,0.0,0.0
275.0,275.7300109863281,271.70001220703125,273.4700012207031,48398000,0.0,0.0
274.1099853515625,276.70001220703125,272.0899963378906,272.95001220703125,49602800,0.0,0.0
271.04998779296875,275.9599914550781,269.6000061035156,272.4100036621094,47431300,0.0,0.0
268.82000732421875,270.489990234375,265.7300109863281,267.4599914550781,45018300,0.0,0.0
269.989990234375,270.7099914550781,265.32000732421875,267.44000244140625,45677300,0.0,0.0
265.5299987792969,272.2099914550781,265.5,268.55999755859375,40424500,0.0,0.0
270.8299865722656,275.42999267578125,265.9200134277344,266.25,45823600,0.0,0.0
265.95001220703125,273.3299865722656,265.6700134277344,271.489990234375,59030800,0.0,0.0
270.8999938964844,277.0,270.8999938964844,275.9200134277344,65585800,0.0,0.0
275.2699890136719,280.3800048828125,275.25,276.9700012207031,46914200,0.0,0.0
276.9599914550781,279.5299987792969,276.6300048828125,277.54998779296875,33431400,0.0,0.0
277.260009765625,279.0,275.989990234375,278.8500061035156,20135600,0.0,0.0
278.010009765625,283.4200134277344,276.1400146484375,283.1000061035156,46587700,0.0,0.0
283.0,287.3999938964844,282.6300048828125,286.19000244140625,53669500,0.0,0.0
286.20001220703125,288.6199951171875,283.29998779296875,284.1499938964844,43538700,0.0,0.0
284.1000061035156,284.7300109863281,278.5899963378906,280.70001220703125,43989100,0.0,0.0
280.5400085449219,281.1400146484375,278.04998779296875,278.7799987792969,47265800,0.0,0.0
278.1300048828125,279.6700134277344,276.1499938964844,277.8900146484375,38211800,0.0,0.0
278.1600036621094,280.0299987792969,276.9200134277344,277.17999267578125,32193300,0.0,0.0
277.75,279.75,276.44000244140625,278.7799987792969,33038300,0.0,0.0
279.1000061035156,279.5899963378906,273.80999755859375,278.0299987792969,33248000,0.0,0.0
277.8999938964844,279.2200012207031,276.82000732421875,278.2799987792969,39532900,0.0,0.0
280.1499938964844,280.1499938964844,272.8399963378906,274.1099853515625,50409100,0.0,0.0
272.82000732421875,275.5,271.7900085449219,274.6099853515625,37648600,0.0,0.0
275.010009765625,276.1600036621094,271.6400146484375,271.8399963378906,50138700,0.0,0.0
273.6099853515625,273.6300048828125,266.95001220703125,272.19000244140625,51630700,0.0,0.0
272.1499938964844,274.6000061035156,269.8999938964844,273.6700134277344,144632000,0.0,0.0
272.8599853515625,273.8800048828125,270.510009765625,270.9700012207031,36571800,0.0,0.0
270.8399963378906,272.5,269.55999755859375,272.3599853515625,29642000,0.0,0.0
272.3399963378906,275.42999267578125,272.20001220703125,273.80999755859375,17910600,0.0,0.0
274.1600036621094,275.3699951171875,272.8599853515625,273.3999938964844,21521800,0.0,0.0
272.69000244140625,274.3599853515625,272.3500061035156,273.760009765625,23715200,0.0,0.0
272.80999755859375,274.0799865722656,272.2799987792969,273.0799865722656,22139600,0.0,0.0
273.05999755859375,273.67999267578125,271.75,271.8599853515625,27293600,0.0,0.0
272.260009765625,277.8399963378906,269.0,271.010009765625,37822400,0.0,0.0
